"CustomerID","Recency_capped","Frequency_capped","Monetary_capped","Cluster_Id","Segment"
12346,326,1,18715.313,3,"VIP Customers"
12347,3,7,4310,2,"Active Customers"
12348,76,4,1437.24,2,"Active Customers"
12349,19,1,1457.55,2,"Active Customers"
12350,311,1,294.4,1,"Dormant"
12352,37,7,1385.74,2,"Active Customers"
12353,205,1,89,1,"Dormant"
12354,233,1,1079.4,1,"Dormant"
12355,215,1,459.4,1,"Dormant"
12356,23,3,2487.43,2,"Active Customers"
12357,34,1,6207.67,2,"Active Customers"
12358,2,2,928.06,2,"Active Customers"
12359,58,4,6372.58,2,"Active Customers"
12360,53,3,2302.06,2,"Active Customers"
12361,288,1,174.9,1,"Dormant"
12362,4,10,4737.23,2,"Active Customers"
12363,110,2,552,2,"Active Customers"
12364,8,4,1208.1,2,"Active Customers"
12365,292,1,320.69,1,"Dormant"
12367,5,1,150.9,2,"Active Customers"
12370,52,4,3425.69,2,"Active Customers"
12371,60,1,1527.96,2,"Active Customers"
12372,72,3,1196.04,2,"Active Customers"
12373,312,1,324.6,1,"Dormant"
12374,26,1,622.93,2,"Active Customers"
12375,11,2,377.5,2,"Active Customers"
12377,316,2,1548.12,1,"Dormant"
12378,130,1,4008.62,2,"Active Customers"
12379,82,2,777.24,2,"Active Customers"
12380,22,4,2427.81,2,"Active Customers"
12381,5,3,1474.81,2,"Active Customers"
12383,185,5,1628.56,1,"Dormant"
12384,29,2,425.27,2,"Active Customers"
12386,338,2,401.9,1,"Dormant"
12388,16,6,2780.66,2,"Active Customers"
12390,80,1,504.84,2,"Active Customers"
12391,22,1,460.89,2,"Active Customers"
12393,73,4,1582.6,2,"Active Customers"
12394,64,2,1080.48,2,"Active Customers"
12395,20,12,2682.63,2,"Active Customers"
12397,36,2,2214.9,2,"Active Customers"
12398,46,1,1435.66,2,"Active Customers"
12399,120,4,1033.65,2,"Active Customers"
12401,304,1,69.3,1,"Dormant"
12402,324,1,195.6,1,"Dormant"
12403,50,1,391.7,2,"Active Customers"
12405,149,1,1390.39,1,"Dormant"
12406,23,2,3415.3,2,"Active Customers"
12407,50,5,1507.12,2,"Active Customers"
12408,33,5,2618.55,2,"Active Customers"
12409,79,3,11072.67,3,"VIP Customers"
12410,309,2,533.33,1,"Dormant"
12412,75,3,1142.88,2,"Active Customers"
12413,67,3,686.1,2,"Active Customers"
12414,218,3,442.41,1,"Dormant"
12415,25,20,18715.313,3,"VIP Customers"
12417,4,9,3226.1,2,"Active Customers"
12418,113,1,668.58,2,"Active Customers"
12420,64,1,600.39,2,"Active Customers"
12421,16,4,639.04,2,"Active Customers"
12422,96,3,683.56,2,"Active Customers"
12423,2,8,1634.31,2,"Active Customers"
12424,163,2,1760.96,1,"Dormant"
12425,79,1,777.2,2,"Active Customers"
12426,195,1,510.73,1,"Dormant"
12427,22,3,699.8,2,"Active Customers"
12428,26,8,6405.26,2,"Active Customers"
12429,10,4,3388.4,2,"Active Customers"
12430,44,1,216.4,2,"Active Customers"
12431,36,15,6382.45,3,"VIP Customers"
12432,43,4,4359.32,2,"Active Customers"
12433,2,7,13375.87,3,"VIP Customers"
12434,85,2,806.14,2,"Active Customers"
12435,80,2,7829.89,2,"Active Customers"
12436,100,1,429.01,2,"Active Customers"
12437,2,18,4447.41,3,"VIP Customers"
12438,15,2,2466.85,2,"Active Customers"
12441,367,1,155.55,1,"Dormant"
12442,4,1,144.06,2,"Active Customers"
12444,22,5,4085.46,2,"Active Customers"
12445,23,1,77.4,2,"Active Customers"
12446,58,1,1002.31,2,"Active Customers"
12447,244,1,431.49,1,"Dormant"
12448,45,1,365.45,2,"Active Customers"
12449,23,4,3596.29,2,"Active Customers"
12450,157,2,197.88,1,"Dormant"
12451,11,5,8995.52,3,"VIP Customers"
12452,17,1,348.57,2,"Active Customers"
12453,135,1,707.09,2,"Active Customers"
12454,57,1,3528.34,2,"Active Customers"
12455,74,5,2339.86,2,"Active Customers"
12456,45,3,2581.04,2,"Active Customers"
12457,67,6,2043.23,2,"Active Customers"
12458,72,2,787.4,2,"Active Customers"
12461,155,1,626.88,1,"Dormant"
12462,19,2,937.59,2,"Active Customers"
12463,54,4,1200.78,2,"Active Customers"
12464,11,8,957.05,2,"Active Customers"
12465,18,2,682.19,2,"Active Customers"
12468,188,2,657.54,1,"Dormant"
12471,3,27,17424.05,3,"VIP Customers"
12472,33,7,6068.11,2,"Active Customers"
12473,54,3,2596.23,2,"Active Customers"
12474,18,18,6745.79,3,"VIP Customers"
12475,54,1,669.38,2,"Active Customers"
12476,16,11,5898.42,3,"VIP Customers"
12477,23,6,13219.74,3,"VIP Customers"
12478,4,1,545.99,2,"Active Customers"
12479,12,1,473.2,2,"Active Customers"
12480,29,4,2885.63,2,"Active Customers"
12481,23,10,5020.32,2,"Active Customers"
12483,18,8,1910.98,2,"Active Customers"
12484,36,4,3953.72,2,"Active Customers"
12488,10,3,1244.66,2,"Active Customers"
12489,337,1,298.93,1,"Dormant"
12490,6,10,4859.93,2,"Active Customers"
12491,39,1,424.4,2,"Active Customers"
12492,64,2,227.21,2,"Active Customers"
12493,166,2,379.74,1,"Dormant"
12494,16,7,1084.1,2,"Active Customers"
12497,82,1,953.1,2,"Active Customers"
12498,22,3,349.7,2,"Active Customers"
12500,24,11,4059.82,2,"Active Customers"
12501,337,1,2025.39,1,"Dormant"
12502,96,5,2995.87,2,"Active Customers"
12504,19,2,428.05,2,"Active Customers"
12506,233,1,73.5,1,"Dormant"
12507,135,3,1052.81,2,"Active Customers"
12508,27,2,398.27,2,"Active Customers"
12509,285,1,158.5,1,"Dormant"
12510,143,2,814.57,1,"Dormant"
12512,67,2,138.03,2,"Active Customers"
12513,113,1,558.29,2,"Active Customers"
12514,268,1,1017.68,1,"Dormant"
12515,354,1,278.7,1,"Dormant"
12516,78,2,1186.06,2,"Active Customers"
12517,29,4,2322.84,2,"Active Customers"
12518,2,5,1840.89,2,"Active Customers"
12519,64,1,286.84,2,"Active Customers"
12520,80,5,2346.26,2,"Active Customers"
12521,143,1,545.68,1,"Dormant"
12522,40,2,156.72,2,"Active Customers"
12523,20,11,1699.77,2,"Active Customers"
12524,10,8,3945.72,2,"Active Customers"
12526,2,3,1172.66,2,"Active Customers"
12527,82,3,330.71,2,"Active Customers"
12528,10,6,1645.48,2,"Active Customers"
12530,60,4,1500.28,2,"Active Customers"
12531,15,1,125.22,2,"Active Customers"
12532,31,1,313.83,2,"Active Customers"
12534,131,1,981.18,2,"Active Customers"
12535,92,2,716.35,2,"Active Customers"
12536,60,1,4279.71,2,"Active Customers"
12538,30,1,363.95,2,"Active Customers"
12539,23,4,5568.35,2,"Active Customers"
12540,20,17,11580.24,3,"VIP Customers"
12541,30,3,841.18,2,"Active Customers"
12544,37,1,316.7,2,"Active Customers"
12545,76,2,832.39,2,"Active Customers"
12546,47,2,1021.5,2,"Active Customers"
12547,198,2,151.8,1,"Dormant"
12548,167,1,67.2,1,"Dormant"
12550,80,1,824.83,2,"Active Customers"
12551,358,1,168,1,"Dormant"
12552,40,1,317.82,2,"Active Customers"
12553,9,10,3278.28,2,"Active Customers"
12556,51,2,603.71,2,"Active Customers"
12557,17,5,11990.96,3,"VIP Customers"
12558,8,1,269.96,2,"Active Customers"
12559,311,2,525.71,1,"Dormant"
12560,6,2,1918.01,2,"Active Customers"
12561,303,1,238.85,1,"Dormant"
12562,9,7,3385.74,2,"Active Customers"
12564,262,1,402.9,1,"Dormant"
12565,289,1,145.92,1,"Dormant"
12566,87,1,297.65,2,"Active Customers"
12567,23,10,8609.28,3,"VIP Customers"
12569,3,30,3152.69,3,"VIP Customers"
12571,40,2,519.61,2,"Active Customers"
12572,9,2,912.42,2,"Active Customers"
12573,228,1,160.54,1,"Dormant"
12574,316,1,182.45,1,"Dormant"
12576,36,5,1315.83,2,"Active Customers"
12577,36,3,653.85,2,"Active Customers"
12578,22,2,2402.51,2,"Active Customers"
12579,79,1,386.42,2,"Active Customers"
12580,247,1,379.7,1,"Dormant"
12581,40,1,179.71,2,"Active Customers"
12582,239,2,351.36,1,"Dormant"
12583,3,15,6705.38,3,"VIP Customers"
12584,4,9,2254.15,2,"Active Customers"
12585,235,2,1824.1,1,"Dormant"
12586,18,1,196.94,2,"Active Customers"
12587,8,1,104,2,"Active Customers"
12588,40,1,174.9,2,"Active Customers"
12589,29,2,574.68,2,"Active Customers"
12590,212,1,9341.26,1,"Dormant"
12591,318,1,368.85,1,"Dormant"
12592,93,2,401.6,2,"Active Customers"
12593,109,3,382.1,2,"Active Customers"
12594,38,9,3208.22,2,"Active Customers"
12596,52,2,450.27,2,"Active Customers"
12597,20,4,3195.22,2,"Active Customers"
12598,10,7,2807.08,2,"Active Customers"
12599,30,7,888.58,2,"Active Customers"
12600,29,10,2311.04,2,"Active Customers"
12601,190,5,487.06,1,"Dormant"
12602,59,1,153.12,2,"Active Customers"
12603,22,1,613.2,2,"Active Customers"
12604,80,2,236.18,2,"Active Customers"
12607,61,1,1579.51,2,"Active Customers"
12609,79,3,964.85,2,"Active Customers"
12610,23,4,1747.54,2,"Active Customers"
12611,53,1,1193.32,2,"Active Customers"
12612,75,1,668.04,2,"Active Customers"
12613,58,4,3092.38,2,"Active Customers"
12614,278,1,315.6,1,"Dormant"
12615,3,4,2093.19,2,"Active Customers"
12616,96,2,641.3,2,"Active Customers"
12617,30,1,355.53,2,"Active Customers"
12618,22,1,137.31,2,"Active Customers"
12619,17,8,2945.56,2,"Active Customers"
12620,15,3,1303.41,2,"Active Customers"
12621,2,20,12411.67,3,"VIP Customers"
12622,233,1,162.1,1,"Dormant"
12623,277,1,269.1,1,"Dormant"
12624,107,2,569.13,2,"Active Customers"
12625,212,2,2413.82,1,"Dormant"
12626,24,9,5954.48,2,"Active Customers"
12627,11,6,4082.53,2,"Active Customers"
12628,5,3,732.46,2,"Active Customers"
12630,10,2,1030.88,2,"Active Customers"
12631,58,1,480.5,2,"Active Customers"
12633,59,4,1929.98,2,"Active Customers"
12635,90,2,1509.18,2,"Active Customers"
12637,68,8,5823.9,2,"Active Customers"
12638,34,1,511.69,2,"Active Customers"
12639,239,1,366.1,1,"Dormant"
12640,24,3,994.58,2,"Active Customers"
12641,116,1,145.9,2,"Active Customers"
12642,26,3,905.26,2,"Active Customers"
12643,129,6,3041.64,2,"Active Customers"
12644,130,1,477.91,2,"Active Customers"
12645,34,4,1631.18,2,"Active Customers"
12646,5,2,1346.97,2,"Active Customers"
12647,23,12,3146.82,2,"Active Customers"
12648,155,1,300.05,1,"Dormant"
12649,108,3,569.51,2,"Active Customers"
12650,4,1,242.44,2,"Active Customers"
12651,335,1,114,1,"Dormant"
12652,332,1,793.98,1,"Dormant"
12653,149,2,2209.85,2,"Active Customers"
12654,11,5,529.98,2,"Active Customers"
12656,18,5,3619.17,2,"Active Customers"
12657,12,4,1427.18,2,"Active Customers"
12658,19,1,632.05,2,"Active Customers"
12659,30,1,73.68,2,"Active Customers"
12660,12,1,227.1,2,"Active Customers"
12662,2,11,3543.78,2,"Active Customers"
12664,9,9,4391.88,2,"Active Customers"
12665,325,1,52.2,1,"Dormant"
12667,59,1,460.13,2,"Active Customers"
12668,12,4,3177.15,2,"Active Customers"
12669,151,2,1427.73,1,"Dormant"
12670,11,5,2744.05,2,"Active Customers"
12672,330,1,225.9,1,"Dormant"
12673,6,2,574.52,2,"Active Customers"
12674,39,4,1844.6,2,"Active Customers"
12676,25,6,1091.39,2,"Active Customers"
12678,43,9,16331.46,3,"VIP Customers"
12679,59,4,951.02,2,"Active Customers"
12680,2,4,790.81,2,"Active Customers"
12681,15,22,12365.54,3,"VIP Customers"
12682,4,30,11028.22,3,"VIP Customers"
12683,5,14,7612.57,3,"VIP Customers"
12684,8,6,2073.63,2,"Active Customers"
12685,29,6,2575.08,2,"Active Customers"
12686,369,1,71.14,1,"Dormant"
12688,114,1,4873.81,2,"Active Customers"
12689,26,2,1139.61,2,"Active Customers"
12690,206,1,335.01,1,"Dormant"
12691,29,5,927.8,2,"Active Customers"
12693,128,4,711.91,2,"Active Customers"
12694,71,2,761.67,2,"Active Customers"
12695,8,4,582.1,2,"Active Customers"
12697,29,3,757.59,2,"Active Customers"
12700,8,4,4525.99,2,"Active Customers"
12701,80,2,725.71,2,"Active Customers"
12702,20,1,201,2,"Active Customers"
12703,72,1,265.55,2,"Active Customers"
12704,8,8,1740.84,2,"Active Customers"
12705,16,8,6382.29,2,"Active Customers"
12707,292,1,603.42,1,"Dormant"
12708,30,10,2442.91,2,"Active Customers"
12709,16,15,9430.52,3,"VIP Customers"
12710,97,3,1023.02,2,"Active Customers"
12712,29,13,3928.13,2,"Active Customers"
12713,2,1,794.55,2,"Active Customers"
12714,10,5,4294.86,2,"Active Customers"
12715,107,1,273.86,2,"Active Customers"
12716,4,2,963.49,2,"Active Customers"
12717,152,2,830.98,1,"Dormant"
12718,72,1,202.25,2,"Active Customers"
12719,6,2,572.95,2,"Active Customers"
12720,3,25,5115.73,3,"VIP Customers"
12721,32,6,2386.13,2,"Active Customers"
12722,86,4,979.63,2,"Active Customers"
12723,4,5,707.07,2,"Active Customers"
12724,6,4,923.41,2,"Active Customers"
12725,369,1,371.8,1,"Dormant"
12726,29,7,2411.1,2,"Active Customers"
12727,11,7,3440.7,2,"Active Customers"
12728,72,4,728.33,2,"Active Customers"
12729,114,1,417.01,2,"Active Customers"
12731,24,12,18715.313,3,"VIP Customers"
12732,180,1,218.26,1,"Dormant"
12733,235,1,383.95,1,"Dormant"
12734,353,1,110.4,1,"Dormant"
12735,316,2,689.57,1,"Dormant"
12736,333,1,144,1,"Dormant"
12738,369,1,137.35,1,"Dormant"
12739,100,1,975.54,2,"Active Customers"
12740,64,1,427.6,2,"Active Customers"
12743,135,2,546.43,2,"Active Customers"
12744,57,4,9120.39,2,"Active Customers"
12747,3,11,4196.01,2,"Active Customers"
12748,2,30,18715.313,3,"VIP Customers"
12749,4,5,4040.88,2,"Active Customers"
12750,129,1,275.88,2,"Active Customers"
12752,82,1,4366.78,2,"Active Customers"
12753,23,6,18715.313,3,"VIP Customers"
12754,236,3,3010.74,1,"Dormant"
12755,281,2,3811.95,1,"Dormant"
12756,87,1,112.08,2,"Active Customers"
12757,16,9,4199.2,2,"Active Customers"
12758,117,2,2791.59,2,"Active Customers"
12759,53,3,1411.44,2,"Active Customers"
12762,8,2,1702.52,2,"Active Customers"
12763,139,2,494.08,2,"Active Customers"
12764,317,1,1693.88,1,"Dormant"
12766,4,7,6457.63,2,"Active Customers"
12769,239,1,1143.6,1,"Dormant"
12770,211,1,1351.45,1,"Dormant"
12772,60,1,752.47,2,"Active Customers"
12775,18,5,1281.04,2,"Active Customers"
12778,20,6,693.23,2,"Active Customers"
12779,38,8,3981.36,2,"Active Customers"
12781,64,2,786.74,2,"Active Customers"
12782,5,5,1938.92,2,"Active Customers"
12783,3,4,1295.87,2,"Active Customers"
12784,16,1,518.42,2,"Active Customers"
12785,365,1,255.95,1,"Dormant"
12787,10,3,418.66,2,"Active Customers"
12789,66,1,76.85,2,"Active Customers"
12790,193,1,294.92,1,"Dormant"
12791,369,1,177.6,1,"Dormant"
12792,257,1,344.54,1,"Dormant"
12793,335,2,461.48,1,"Dormant"
12794,54,2,860.41,2,"Active Customers"
12795,19,1,318.48,2,"Active Customers"
12797,366,1,226.03,1,"Dormant"
12798,11,3,6977.04,2,"Active Customers"
12802,187,1,397.58,1,"Dormant"
12808,37,3,455.65,2,"Active Customers"
12809,178,1,405.31,1,"Dormant"
12811,262,2,458.85,1,"Dormant"
12812,45,1,229.64,2,"Active Customers"
12814,102,1,85.92,2,"Active Customers"
12815,148,2,863.46,1,"Dormant"
12816,96,2,452.2,2,"Active Customers"
12817,282,1,126.04,1,"Dormant"
12818,262,1,1182.08,1,"Dormant"
12820,4,4,942.34,2,"Active Customers"
12821,215,1,92.72,1,"Dormant"
12822,71,2,948.88,2,"Active Customers"
12823,75,5,1759.5,2,"Active Customers"
12824,60,1,397.12,2,"Active Customers"
12826,3,7,1474.72,2,"Active Customers"
12827,6,3,430.15,2,"Active Customers"
12828,3,6,1018.71,2,"Active Customers"
12829,337,2,293,1,"Dormant"
12830,38,6,6814.64,2,"Active Customers"
12831,263,1,215.05,1,"Dormant"
12832,33,2,383.03,2,"Active Customers"
12833,146,1,417.38,1,"Dormant"
12834,283,1,312.38,1,"Dormant"
12836,60,4,2612.86,2,"Active Customers"
12837,174,1,134.1,1,"Dormant"
12838,34,2,683.13,2,"Active Customers"
12839,3,14,5591.42,3,"VIP Customers"
12840,144,4,2726.77,2,"Active Customers"
12841,5,25,4022.35,3,"VIP Customers"
12842,71,2,1118.99,2,"Active Customers"
12843,66,8,1702.26,2,"Active Customers"
12844,30,2,325.96,2,"Active Customers"
12845,268,4,354.09,1,"Dormant"
12847,23,1,871.54,2,"Active Customers"
12849,32,2,1033.25,2,"Active Customers"
12851,97,1,135.18,2,"Active Customers"
12852,295,1,311.55,1,"Dormant"
12853,135,6,1957.1,2,"Active Customers"
12854,79,3,1324.5,2,"Active Customers"
12855,369,1,52.2,1,"Dormant"
12856,8,6,2179.93,2,"Active Customers"
12857,211,2,1106.4,1,"Dormant"
12863,53,1,521.2,2,"Active Customers"
12864,139,1,147.12,1,"Dormant"
12865,27,2,1568.23,2,"Active Customers"
12866,284,1,499.12,1,"Dormant"
12867,27,7,4036.82,2,"Active Customers"
12868,186,6,1607.06,1,"Dormant"
12871,85,2,380.64,2,"Active Customers"
12872,327,2,599.97,1,"Dormant"
12873,283,1,374,1,"Dormant"
12875,144,2,343.23,1,"Dormant"
12876,58,2,2053.02,2,"Active Customers"
12877,4,12,1535.77,2,"Active Customers"
12878,237,2,854.99,1,"Dormant"
12879,45,3,573.22,2,"Active Customers"
12881,276,1,298,1,"Dormant"
12882,10,2,1463.04,2,"Active Customers"
12883,25,4,703.47,2,"Active Customers"
12884,89,1,309.05,2,"Active Customers"
12885,64,3,1175.22,2,"Active Customers"
12886,68,2,1378.4,2,"Active Customers"
12888,215,2,354.12,1,"Dormant"
12890,25,1,380.47,2,"Active Customers"
12891,186,3,331,1,"Dormant"
12893,31,1,188.14,2,"Active Customers"
12895,43,2,372.8,2,"Active Customers"
12897,205,2,216.5,1,"Dormant"
12901,9,28,17654.54,3,"VIP Customers"
12902,265,1,138.68,1,"Dormant"
12904,19,2,509.58,2,"Active Customers"
12906,12,5,2919.81,2,"Active Customers"
12908,177,2,750,1,"Dormant"
12909,40,5,2178.67,2,"Active Customers"
12910,24,8,3075.04,2,"Active Customers"
12912,3,5,1662.3,2,"Active Customers"
12913,5,5,2483.63,2,"Active Customers"
12915,149,2,363.65,1,"Dormant"
12916,139,4,3006.15,2,"Active Customers"
12917,129,1,594,2,"Active Customers"
12919,9,6,1335.19,2,"Active Customers"
12920,18,1,164.23,2,"Active Customers"
12921,10,30,16587.09,3,"VIP Customers"
12922,162,1,405.38,1,"Dormant"
12923,65,1,175.72,2,"Active Customers"
12924,89,4,925.75,2,"Active Customers"
12925,5,2,694.05,2,"Active Customers"
12928,36,5,2062.7,2,"Active Customers"
12929,312,1,117.85,1,"Dormant"
12930,79,2,415.8,2,"Active Customers"
12931,22,15,18715.313,3,"VIP Customers"
12933,25,3,607.53,2,"Active Customers"
12935,3,7,2160.7,2,"Active Customers"
12936,18,4,1063.9,2,"Active Customers"
12937,16,4,1504.27,2,"Active Customers"
12938,26,1,114.14,2,"Active Customers"
12939,65,8,11581.8,3,"VIP Customers"
12940,55,2,913.54,2,"Active Customers"
12942,132,3,683.9,2,"Active Customers"
12944,36,2,604.51,2,"Active Customers"
12945,289,1,462.95,1,"Dormant"
12947,144,6,1603.99,2,"Active Customers"
12948,17,7,2064.95,2,"Active Customers"
12949,31,8,4167.22,2,"Active Customers"
12950,3,3,1843,2,"Active Customers"
12951,9,6,1064.07,2,"Active Customers"
12952,6,4,1387.79,2,"Active Customers"
12953,10,1,329.85,2,"Active Customers"
12955,2,11,4757.16,2,"Active Customers"
12956,307,1,108.07,1,"Dormant"
12957,10,8,4017.54,2,"Active Customers"
12962,8,2,266.39,2,"Active Customers"
12963,9,8,1856.63,2,"Active Customers"
12965,90,1,771.91,2,"Active Customers"
12966,10,1,160.18,2,"Active Customers"
12967,359,2,1660.9,1,"Dormant"
12968,113,1,135.95,2,"Active Customers"
12970,8,4,452.24,2,"Active Customers"
12971,4,30,11189.91,3,"VIP Customers"
12974,198,1,144.8,1,"Dormant"
12976,212,1,738.6,1,"Dormant"
12977,157,1,52.2,1,"Dormant"
12980,158,9,7374.9,3,"VIP Customers"
12981,30,2,372.22,2,"Active Customers"
12982,243,1,390.54,1,"Dormant"
12984,19,1,97.5,2,"Active Customers"
12985,2,2,1239.38,2,"Active Customers"
12987,74,2,558.7,2,"Active Customers"
12988,293,1,535.32,1,"Dormant"
12989,4,15,6924.11,3,"VIP Customers"
12990,32,3,409.5,2,"Active Customers"
12991,24,2,503.76,2,"Active Customers"
12993,24,4,414.76,2,"Active Customers"
12994,5,3,974.42,2,"Active Customers"
12995,86,1,211.32,2,"Active Customers"
12997,23,4,1226.89,2,"Active Customers"
12999,197,3,455.88,1,"Dormant"
13000,107,3,534.85,2,"Active Customers"
13001,5,13,9818.82,3,"VIP Customers"
13002,319,1,120.95,1,"Dormant"
13003,106,3,149.05,2,"Active Customers"
13004,12,18,5655.91,3,"VIP Customers"
13005,174,2,513.7,1,"Dormant"
13006,57,1,81.57,2,"Active Customers"
13008,324,1,229.47,1,"Dormant"
13011,369,1,52.2,1,"Dormant"
13012,10,8,1661.84,2,"Active Customers"
13013,2,13,4810.94,3,"VIP Customers"
13014,11,10,3466.28,2,"Active Customers"
13015,54,5,3346.28,2,"Active Customers"
13016,74,3,789.89,2,"Active Customers"
13017,8,1,204,2,"Active Customers"
13018,17,28,7277.7,3,"VIP Customers"
13021,5,9,2616.38,2,"Active Customers"
13023,65,2,599.9,2,"Active Customers"
13026,2,5,975.36,2,"Active Customers"
13027,114,6,6912,2,"Active Customers"
13028,23,2,661.32,2,"Active Customers"
13029,31,3,1247.5,2,"Active Customers"
13030,12,2,799.48,2,"Active Customers"
13032,53,2,1010.18,2,"Active Customers"
13033,358,1,190.55,1,"Dormant"
13034,55,2,642.77,2,"Active Customers"
13035,74,2,921.88,2,"Active Customers"
13037,139,3,881.07,2,"Active Customers"
13038,81,3,908.46,2,"Active Customers"
13040,9,2,676.99,2,"Active Customers"
13043,274,1,516.42,1,"Dormant"
13044,292,1,560.47,1,"Dormant"
13045,100,1,305.28,2,"Active Customers"
13046,31,2,629.31,2,"Active Customers"
13047,57,9,3232.59,2,"Active Customers"
13048,15,4,1835.91,2,"Active Customers"
13049,65,2,656.68,2,"Active Customers"
13050,15,17,5833.11,3,"VIP Customers"
13052,213,1,348.15,1,"Dormant"
13055,79,3,1214.41,2,"Active Customers"
13058,25,3,271.4,2,"Active Customers"
13059,250,1,183.4,1,"Dormant"
13060,254,1,307.53,1,"Dormant"
13061,73,1,248.61,2,"Active Customers"
13062,192,1,346.98,1,"Dormant"
13064,13,4,1119.49,2,"Active Customers"
13065,369,1,205.86,1,"Dormant"
13066,25,2,470.8,2,"Active Customers"
13067,83,1,115.46,2,"Active Customers"
13068,11,2,344,2,"Active Customers"
13069,2,24,4436.12,3,"VIP Customers"
13070,193,1,228.8,1,"Dormant"
13072,267,1,177.15,1,"Dormant"
13075,130,1,919.61,2,"Active Customers"
13077,2,4,729.27,2,"Active Customers"
13078,4,26,12627.94,3,"VIP Customers"
13079,5,5,220.1,2,"Active Customers"
13080,180,1,58.08,1,"Dormant"
13081,12,11,18715.313,3,"VIP Customers"
13082,127,9,3613.63,2,"Active Customers"
13083,5,2,303.75,2,"Active Customers"
13085,158,2,416.08,1,"Dormant"
13089,3,30,18715.313,3,"VIP Customers"
13090,9,13,8895.82,3,"VIP Customers"
13091,29,1,345.82,2,"Active Customers"
13092,71,5,477.83,2,"Active Customers"
13093,276,8,7832.47,1,"Dormant"
13094,22,12,1927.32,2,"Active Customers"
13095,71,1,74.4,2,"Active Customers"
13097,33,10,6010.42,2,"Active Customers"
13098,2,28,18715.313,3,"VIP Customers"
13099,100,1,207.36,2,"Active Customers"
13101,235,1,101.19,1,"Dormant"
13102,2,24,6424.09,3,"VIP Customers"
13103,40,1,243.94,2,"Active Customers"
13104,4,6,1098.48,2,"Active Customers"
13106,134,1,76.5,2,"Active Customers"
13107,45,4,1531.62,2,"Active Customers"
13108,369,1,350.06,1,"Dormant"
13109,60,2,786.54,2,"Active Customers"
13110,32,7,1488.67,2,"Active Customers"
13113,2,24,12245.96,3,"VIP Customers"
13115,12,4,2294.78,2,"Active Customers"
13116,139,1,501.14,1,"Dormant"
13117,22,8,984.91,2,"Active Customers"
13118,20,5,1197.81,2,"Active Customers"
13120,239,1,52.2,1,"Dormant"
13121,270,1,283.73,1,"Dormant"
13122,95,2,922.39,2,"Active Customers"
13124,90,3,3866.33,2,"Active Customers"
13126,5,8,2099.64,2,"Active Customers"
13127,78,1,259.17,2,"Active Customers"
13130,95,1,64,2,"Active Customers"
13131,24,3,1073.3,2,"Active Customers"
13132,262,1,77.3,1,"Dormant"
13133,274,2,109.8,1,"Dormant"
13134,86,4,1793.58,2,"Active Customers"
13135,197,1,3096,1,"Dormant"
13136,57,5,2607.61,2,"Active Customers"
13137,11,8,3650.41,2,"Active Customers"
13138,23,6,962.39,2,"Active Customers"
13139,17,7,5064.94,2,"Active Customers"
13140,109,3,423.72,2,"Active Customers"
13141,85,5,2388.75,2,"Active Customers"
13142,20,1,307.09,2,"Active Customers"
13144,333,1,110.95,1,"Dormant"
13145,40,4,618.52,2,"Active Customers"
13146,27,1,228.91,2,"Active Customers"
13147,11,4,712.8,2,"Active Customers"
13148,30,12,3707.12,2,"Active Customers"
13149,15,4,1676.06,2,"Active Customers"
13151,296,1,1257.87,1,"Dormant"
13153,6,1,486.22,2,"Active Customers"
13155,34,4,971.76,2,"Active Customers"
13157,50,4,1741.22,2,"Active Customers"
13158,95,4,1201.06,2,"Active Customers"
13159,9,4,1437.85,2,"Active Customers"
13160,23,1,91.8,2,"Active Customers"
13161,314,1,112.75,1,"Dormant"
13162,123,4,1688.29,2,"Active Customers"
13165,47,2,1021.48,2,"Active Customers"
13166,284,1,417.2,1,"Dormant"
13167,19,4,779.33,2,"Active Customers"
13168,37,4,1319.19,2,"Active Customers"
13169,64,2,712.88,2,"Active Customers"
13170,27,1,116.01,2,"Active Customers"
13171,22,3,468.41,2,"Active Customers"
13173,5,2,353.65,2,"Active Customers"
13174,17,3,2813.03,2,"Active Customers"
13176,47,1,492.84,2,"Active Customers"
13177,65,1,282.45,2,"Active Customers"
13178,27,11,5725.47,3,"VIP Customers"
13182,46,1,121.18,2,"Active Customers"
13183,8,9,3957.78,2,"Active Customers"
13184,15,10,1700.29,2,"Active Customers"
13185,268,1,71.4,1,"Dormant"
13186,40,3,1575.89,2,"Active Customers"
13187,338,1,236.02,1,"Dormant"
13188,12,1,114.6,2,"Active Customers"
13189,19,2,260.68,2,"Active Customers"
13192,96,2,911.94,2,"Active Customers"
13193,62,1,117.88,2,"Active Customers"
13194,136,1,60.7,1,"Dormant"
13196,12,4,1797.78,2,"Active Customers"
13198,11,6,3401.24,2,"Active Customers"
13199,4,30,9802.12,3,"VIP Customers"
13200,20,4,870.09,2,"Active Customers"
13203,10,4,869.46,2,"Active Customers"
13207,16,2,250.26,2,"Active Customers"
13208,60,5,1199.42,2,"Active Customers"
13209,31,8,5891.61,2,"Active Customers"
13210,94,1,353.48,2,"Active Customers"
13211,11,3,1197.42,2,"Active Customers"
13212,20,3,788.08,2,"Active Customers"
13213,57,5,1520.58,2,"Active Customers"
13216,268,1,333.74,1,"Dormant"
13217,123,3,533.98,2,"Active Customers"
13218,128,1,62.64,2,"Active Customers"
13220,79,4,819.29,2,"Active Customers"
13221,241,2,844.86,1,"Dormant"
13223,201,2,163.2,1,"Dormant"
13224,61,2,2152.95,2,"Active Customers"
13225,4,7,6463.84,2,"Active Customers"
13226,274,1,108.21,1,"Dormant"
13227,202,1,257.7,1,"Dormant"
13228,82,1,358,2,"Active Customers"
13229,226,1,160.95,1,"Dormant"
13230,5,14,2806.97,2,"Active Customers"
13232,13,7,1357,2,"Active Customers"
13233,75,2,605.12,2,"Active Customers"
13235,213,1,1031.07,1,"Dormant"
13236,25,2,744.85,2,"Active Customers"
13238,18,4,700.73,2,"Active Customers"
13239,262,1,329.56,1,"Dormant"
13240,97,4,648.7,2,"Active Customers"
13242,113,3,270.4,2,"Active Customers"
13243,204,1,600.07,1,"Dormant"
13244,93,1,121.74,2,"Active Customers"
13245,51,1,430.5,2,"Active Customers"
13246,19,6,1987.3,2,"Active Customers"
13247,18,4,501.12,2,"Active Customers"
13248,125,2,465.68,2,"Active Customers"
13249,93,3,711.41,2,"Active Customers"
13253,157,2,1030.4,1,"Dormant"
13255,10,2,399.51,2,"Active Customers"
13258,12,3,698.58,2,"Active Customers"
13259,62,1,292.32,2,"Active Customers"
13260,62,1,557.62,2,"Active Customers"
13261,269,2,944.1,1,"Dormant"
13262,264,1,200.29,1,"Dormant"
13263,2,30,7428.85,3,"VIP Customers"
13265,54,5,2107.66,2,"Active Customers"
13266,12,12,3834.26,2,"Active Customers"
13267,3,19,4521.49,3,"VIP Customers"
13268,18,10,3192.65,2,"Active Customers"
13269,2,15,5346.23,3,"VIP Customers"
13270,367,1,590,1,"Dormant"
13271,38,1,217.38,2,"Active Customers"
13272,32,2,276.56,2,"Active Customers"
13273,114,1,138.98,2,"Active Customers"
13276,64,2,590.93,2,"Active Customers"
13277,16,4,258.4,2,"Active Customers"
13278,41,1,542.73,2,"Active Customers"
13279,79,1,137.75,2,"Active Customers"
13280,123,3,814.86,2,"Active Customers"
13282,19,3,1132.14,2,"Active Customers"
13283,60,2,93.66,2,"Active Customers"
13284,331,1,201.19,1,"Dormant"
13285,24,4,2709.12,2,"Active Customers"
13291,156,1,361.11,1,"Dormant"
13292,39,2,578.94,2,"Active Customers"
13294,190,2,873.74,1,"Dormant"
13295,360,1,201.2,1,"Dormant"
13296,138,1,87.4,1,"Dormant"
13297,8,4,2089.85,2,"Active Customers"
13298,2,1,360,2,"Active Customers"
13299,269,1,142.5,1,"Dormant"
13300,170,1,371.89,1,"Dormant"
13301,104,4,600.19,2,"Active Customers"
13302,156,1,63.75,1,"Dormant"
13304,352,1,300.42,1,"Dormant"
13305,5,10,2000.86,2,"Active Customers"
13307,121,1,52.2,2,"Active Customers"
13308,23,3,1385.51,2,"Active Customers"
13309,8,5,1456.79,2,"Active Customers"
13310,29,3,1132.03,2,"Active Customers"
13311,5,2,598.57,2,"Active Customers"
13313,23,5,1555.32,2,"Active Customers"
13314,2,3,775.94,2,"Active Customers"
13316,38,4,5977.73,2,"Active Customers"
13317,67,6,2273.68,2,"Active Customers"
13318,2,3,640.76,2,"Active Customers"
13319,6,26,10845.55,3,"VIP Customers"
13320,79,4,1548.7,2,"Active Customers"
13321,73,2,567.36,2,"Active Customers"
13322,18,1,199.48,2,"Active Customers"
13323,4,5,787.85,2,"Active Customers"
13324,37,10,7121.95,3,"VIP Customers"
13325,82,1,675.3,2,"Active Customers"
13327,39,8,3627.77,2,"Active Customers"
13328,317,1,1308.48,1,"Dormant"
13329,32,2,789,2,"Active Customers"
13330,93,3,1140.93,2,"Active Customers"
13332,15,1,350.9,2,"Active Customers"
13334,83,3,3536.82,2,"Active Customers"
13336,78,1,795.12,2,"Active Customers"
13338,158,1,437.02,1,"Dormant"
13339,201,1,860.12,1,"Dormant"
13340,46,7,10736.48,3,"VIP Customers"
13341,261,1,775.85,1,"Dormant"
13343,178,1,303.43,1,"Dormant"
13344,68,3,2543.72,2,"Active Customers"
13345,288,1,339.5,1,"Dormant"
13347,71,1,291.36,2,"Active Customers"
13348,65,1,233.76,2,"Active Customers"
13349,11,1,197.32,2,"Active Customers"
13350,17,2,879.12,2,"Active Customers"
13351,67,1,323.94,2,"Active Customers"
13352,61,1,347.98,2,"Active Customers"
13354,72,1,743.53,2,"Active Customers"
13355,123,1,674.7,2,"Active Customers"
13356,81,1,768.24,2,"Active Customers"
13357,258,1,609.95,1,"Dormant"
13358,269,1,389.03,1,"Dormant"
13359,64,1,389.56,2,"Active Customers"
13362,10,4,3090.74,2,"Active Customers"
13363,18,2,892.5,2,"Active Customers"
13364,72,1,134.96,2,"Active Customers"
13365,34,2,2225.37,2,"Active Customers"
13366,51,1,56.16,2,"Active Customers"
13368,257,2,573.4,1,"Dormant"
13369,366,1,258.28,1,"Dormant"
13370,369,1,754.87,1,"Dormant"
13372,90,1,328.64,2,"Active Customers"
13373,61,3,3312.25,2,"Active Customers"
13375,89,1,778.65,2,"Active Customers"
13376,100,3,869.76,2,"Active Customers"
13379,27,3,572.56,2,"Active Customers"
13381,32,6,3639.31,2,"Active Customers"
13382,281,1,222.99,1,"Dormant"
13384,31,7,4151.93,2,"Active Customers"
13385,330,1,534.57,1,"Dormant"
13388,132,2,677.1,2,"Active Customers"
13389,12,3,797.96,2,"Active Customers"
13390,75,1,544.08,2,"Active Customers"
13391,204,1,59.8,1,"Dormant"
13394,2,8,2520.02,2,"Active Customers"
13395,186,1,307.72,1,"Dormant"
13396,30,2,1360.99,2,"Active Customers"
13397,73,5,1544.13,2,"Active Customers"
13398,193,1,457.34,1,"Dormant"
13402,128,2,621.23,2,"Active Customers"
13403,18,1,75,2,"Active Customers"
13404,2,2,252.49,2,"Active Customers"
13405,205,2,557.45,1,"Dormant"
13408,2,30,18715.313,3,"VIP Customers"
13410,25,5,1003.06,2,"Active Customers"
13411,108,1,213.55,2,"Active Customers"
13414,134,3,1390.5,2,"Active Customers"
13416,44,2,712.5,2,"Active Customers"
13417,5,2,640.83,2,"Active Customers"
13418,12,18,6127.43,3,"VIP Customers"
13419,64,1,221.06,2,"Active Customers"
13420,150,2,159.85,1,"Dormant"
13421,41,2,1840.58,2,"Active Customers"
13422,65,1,2626.3,2,"Active Customers"
13425,109,3,1624.21,2,"Active Customers"
13426,2,10,3641.32,2,"Active Customers"
13427,20,3,582.6,2,"Active Customers"
13428,11,1,218.47,2,"Active Customers"
13429,11,4,1006.8,2,"Active Customers"
13430,19,2,679.45,2,"Active Customers"
13431,68,2,1269.1,2,"Active Customers"
13434,75,2,534.24,2,"Active Customers"
13435,6,7,3809.89,2,"Active Customers"
13436,2,1,196.89,2,"Active Customers"
13437,15,7,3408.06,2,"Active Customers"
13439,256,1,283.71,1,"Dormant"
13441,92,1,296.64,2,"Active Customers"
13447,24,3,1129.14,2,"Active Customers"
13448,17,6,3539.37,2,"Active Customers"
13449,24,1,291.88,2,"Active Customers"
13450,27,6,2043.72,2,"Active Customers"
13451,27,5,2976.15,2,"Active Customers"
13452,260,2,590,1,"Dormant"
13453,166,2,356.98,1,"Dormant"
13455,25,2,1058.34,2,"Active Customers"
13456,18,6,1766.72,2,"Active Customers"
13458,8,14,9646.57,3,"VIP Customers"
13460,30,2,183.44,2,"Active Customers"
13461,39,3,1445,2,"Active Customers"
13462,253,1,151.5,1,"Dormant"
13464,59,1,674.68,2,"Active Customers"
13466,185,1,307.9,1,"Dormant"
13467,11,2,1083.71,2,"Active Customers"
13468,2,30,5704.97,3,"VIP Customers"
13470,100,2,165,2,"Active Customers"
13471,2,4,2531.58,2,"Active Customers"
13473,61,2,422.64,2,"Active Customers"
13474,237,1,229.59,1,"Dormant"
13475,192,4,1431.78,1,"Dormant"
13476,179,2,1238.47,1,"Dormant"
13477,38,6,1454.58,2,"Active Customers"
13479,201,2,300.95,1,"Dormant"
13481,46,5,1804.56,2,"Active Customers"
13482,233,1,184.64,1,"Dormant"
13483,66,1,140.34,2,"Active Customers"
13484,242,1,313.8,1,"Dormant"
13485,234,1,454.24,1,"Dormant"
13486,79,3,1122.41,2,"Active Customers"
13487,58,3,575.4,2,"Active Customers"
13488,18,13,8968.31,3,"VIP Customers"
13489,106,4,449.52,2,"Active Customers"
13491,52,10,1215.82,2,"Active Customers"
13492,137,3,1269.84,2,"Active Customers"
13493,276,2,498.63,1,"Dormant"
13494,312,1,316.26,1,"Dormant"
13495,8,5,2044.87,2,"Active Customers"
13496,11,2,653.33,2,"Active Customers"
13497,283,2,348.05,1,"Dormant"
13499,18,5,1159.11,2,"Active Customers"
13500,24,3,1166.77,2,"Active Customers"
13501,289,1,1340.32,1,"Dormant"
13502,17,3,292,2,"Active Customers"
13503,72,1,216.85,2,"Active Customers"
13504,65,1,295.93,2,"Active Customers"
13505,73,4,3633.63,2,"Active Customers"
13506,317,2,458.52,1,"Dormant"
13507,4,4,2479.16,2,"Active Customers"
13508,244,1,110.97,1,"Dormant"
13509,9,6,964.72,2,"Active Customers"
13510,2,4,1791.56,2,"Active Customers"
13512,261,1,251.21,1,"Dormant"
13513,127,1,205.1,2,"Active Customers"
13514,74,1,152.2,2,"Active Customers"
13515,73,4,891.12,2,"Active Customers"
13516,22,3,1389.41,2,"Active Customers"
13517,60,3,2128.42,2,"Active Customers"
13518,86,1,659.44,2,"Active Customers"
13519,79,1,122.75,2,"Active Customers"
13520,59,6,2984.35,2,"Active Customers"
13521,2,3,1092.39,2,"Active Customers"
13522,31,1,125.8,2,"Active Customers"
13523,34,5,3964.88,2,"Active Customers"
13524,41,5,680.18,2,"Active Customers"
13525,15,2,628.78,2,"Active Customers"
13527,34,7,2287.51,2,"Active Customers"
13529,79,2,307.76,2,"Active Customers"
13531,206,2,483.8,1,"Dormant"
13532,34,1,210.31,2,"Active Customers"
13533,183,3,270.79,1,"Dormant"
13534,3,25,5870.08,3,"VIP Customers"
13536,2,7,3448.29,2,"Active Customers"
13538,44,7,1280.85,2,"Active Customers"
13539,86,3,631.34,2,"Active Customers"
13544,40,2,291.41,2,"Active Customers"
13546,13,3,626.99,2,"Active Customers"
13548,97,2,682.41,2,"Active Customers"
13549,26,7,918.2,2,"Active Customers"
13551,320,1,91.8,1,"Dormant"
13552,67,12,3740.07,2,"Active Customers"
13555,74,4,4149.28,2,"Active Customers"
13557,29,2,584.06,2,"Active Customers"
13558,6,4,605.06,2,"Active Customers"
13560,8,1,174.37,2,"Active Customers"
13561,216,1,141.86,1,"Dormant"
13562,82,3,1799.33,2,"Active Customers"
13563,85,2,777.53,2,"Active Customers"
13564,355,2,1198.38,1,"Dormant"
13565,20,2,240.22,2,"Active Customers"
13566,41,2,874.71,2,"Active Customers"
13568,174,1,192.85,1,"Dormant"
13569,18,2,372.25,2,"Active Customers"
13570,244,1,239.49,1,"Dormant"
13571,13,12,2092.32,2,"Active Customers"
13572,206,1,1384.25,1,"Dormant"
13573,51,2,294.4,2,"Active Customers"
13575,24,5,732.07,2,"Active Customers"
13576,11,18,6717.34,3,"VIP Customers"
13577,26,4,1687.6,2,"Active Customers"
13579,15,2,467.04,2,"Active Customers"
13581,310,1,118,1,"Dormant"
13583,156,1,781.03,1,"Dormant"
13584,307,1,142.4,1,"Dormant"
13587,64,1,712.4,2,"Active Customers"
13588,16,9,2478.95,2,"Active Customers"
13589,15,2,379.65,2,"Active Customers"
13590,12,6,1981.92,2,"Active Customers"
13591,65,3,1117.13,2,"Active Customers"
13592,36,4,247.96,2,"Active Customers"
13593,109,5,2037.08,2,"Active Customers"
13594,53,1,396.97,2,"Active Customers"
13596,6,2,697.04,2,"Active Customers"
13598,48,1,180.17,2,"Active Customers"
13599,2,21,5153.67,3,"VIP Customers"
13600,313,1,219.52,1,"Dormant"
13601,46,2,693.32,2,"Active Customers"
13602,65,1,428.89,2,"Active Customers"
13603,27,1,164.34,2,"Active Customers"
13606,30,3,280.54,2,"Active Customers"
13607,41,1,678.01,2,"Active Customers"
13610,13,7,1131.88,2,"Active Customers"
13611,90,3,1171.8,2,"Active Customers"
13614,25,4,1610.46,2,"Active Customers"
13615,319,1,417.69,1,"Dormant"
13617,41,3,544.18,2,"Active Customers"
13618,174,1,177.34,1,"Dormant"
13621,117,1,213.85,2,"Active Customers"
13623,31,5,747.78,2,"Active Customers"
13626,253,1,257.23,1,"Dormant"
13627,60,5,1638.47,2,"Active Customers"
13629,24,11,7792.36,3,"VIP Customers"
13630,6,7,2031.78,2,"Active Customers"
13631,100,11,3070.42,2,"Active Customers"
13632,25,5,2121.27,2,"Active Customers"
13634,34,5,1575.16,2,"Active Customers"
13635,68,1,1071.03,2,"Active Customers"
13636,37,5,949.12,2,"Active Customers"
13637,53,3,809.25,2,"Active Customers"
13638,16,1,122.64,2,"Active Customers"
13639,75,1,1033.34,2,"Active Customers"
13642,216,1,354.8,1,"Dormant"
13643,32,3,519.44,2,"Active Customers"
13644,17,4,2624.26,2,"Active Customers"
13645,121,1,252.1,2,"Active Customers"
13647,10,4,1678.12,2,"Active Customers"
13649,257,2,346.6,1,"Dormant"
13650,17,6,1836.34,2,"Active Customers"
13651,40,1,79.2,2,"Active Customers"
13652,46,3,1095.08,2,"Active Customers"
13654,44,6,2707.33,2,"Active Customers"
13655,115,2,932.97,2,"Active Customers"
13656,165,2,379.65,1,"Dormant"
13657,11,2,382.14,2,"Active Customers"
13658,10,5,2639.17,2,"Active Customers"
13659,206,2,1573.2,1,"Dormant"
13662,86,3,897.76,2,"Active Customers"
13663,180,1,189.47,1,"Dormant"
13666,61,3,84.65,2,"Active Customers"
13667,150,1,305.02,1,"Dormant"
13668,3,21,6363.59,3,"VIP Customers"
13669,51,2,218.55,2,"Active Customers"
13670,76,1,349.7,2,"Active Customers"
13672,302,2,186.39,1,"Dormant"
13673,19,2,396.92,2,"Active Customers"
13675,152,2,486.82,1,"Dormant"
13678,152,1,232.6,1,"Dormant"
13680,2,4,3722.42,2,"Active Customers"
13681,18,4,827.83,2,"Active Customers"
13682,188,1,59.5,1,"Dormant"
13684,286,1,67.23,1,"Dormant"
13685,3,7,3119.44,2,"Active Customers"
13686,183,1,72,1,"Dormant"
13689,64,1,910,2,"Active Customers"
13690,60,1,172.25,2,"Active Customers"
13692,25,3,1488.32,2,"Active Customers"
13694,4,30,18715.313,3,"VIP Customers"
13695,32,15,2504.13,2,"Active Customers"
13697,39,1,151.3,2,"Active Customers"
13699,156,1,308.58,1,"Dormant"
13700,27,10,2265.12,2,"Active Customers"
13703,319,1,99.5,1,"Dormant"
13704,6,9,2308.06,2,"Active Customers"
13705,8,3,711.86,2,"Active Customers"
13706,303,1,330.79,1,"Dormant"
13707,268,2,806.41,1,"Dormant"
13708,272,1,294.88,1,"Dormant"
13709,4,13,6328.05,3,"VIP Customers"
13710,32,1,180.48,2,"Active Customers"
13711,219,2,252.06,1,"Dormant"
13712,247,1,228.84,1,"Dormant"
13715,282,5,1079.34,1,"Dormant"
13716,270,1,138.28,1,"Dormant"
13717,33,6,1445.01,2,"Active Customers"
13718,247,2,306.55,1,"Dormant"
13719,16,5,1041.68,2,"Active Customers"
13720,117,4,799.9,2,"Active Customers"
13721,37,1,524.14,2,"Active Customers"
13722,132,3,2375.41,2,"Active Customers"
13723,218,1,199.85,1,"Dormant"
13725,50,8,1980.56,2,"Active Customers"
13726,39,2,1079.66,2,"Active Customers"
13727,29,2,333.48,2,"Active Customers"
13728,37,6,1016.14,2,"Active Customers"
13730,136,2,752.6,2,"Active Customers"
13731,220,2,610.59,1,"Dormant"
13732,29,1,491.86,2,"Active Customers"
13735,25,4,2885.24,2,"Active Customers"
13736,6,2,731.9,2,"Active Customers"
13737,201,1,339.6,1,"Dormant"
13739,19,1,216.9,2,"Active Customers"
13740,241,1,350.75,1,"Dormant"
13741,72,3,668.43,2,"Active Customers"
13742,17,12,3131.02,2,"Active Customers"
13743,3,7,1341.6,2,"Active Customers"
13744,96,2,1156.36,2,"Active Customers"
13745,163,1,300.04,1,"Dormant"
13747,369,1,79.6,1,"Dormant"
13748,96,5,948.25,2,"Active Customers"
13750,54,5,1647.26,2,"Active Customers"
13751,289,1,296.25,1,"Dormant"
13752,125,6,1186.28,2,"Active Customers"
13753,288,1,741.26,1,"Dormant"
13754,152,2,282.6,1,"Dormant"
13755,4,9,2161.35,2,"Active Customers"
13756,3,14,5189.52,3,"VIP Customers"
13758,12,7,3190.55,2,"Active Customers"
13759,34,2,659.41,2,"Active Customers"
13760,55,2,286.79,2,"Active Customers"
13761,51,2,1070.65,2,"Active Customers"
13762,219,1,306.72,1,"Dormant"
13763,64,1,1714.96,2,"Active Customers"
13764,71,3,1518.76,2,"Active Customers"
13767,3,30,17220.36,3,"VIP Customers"
13769,3,10,2796.51,2,"Active Customers"
13771,65,4,2634.45,2,"Active Customers"
13772,34,3,1132.13,2,"Active Customers"
13774,82,1,345,2,"Active Customers"
13777,2,30,18715.313,3,"VIP Customers"
13778,104,1,178.7,2,"Active Customers"
13780,8,2,360.01,2,"Active Customers"
13781,251,1,127.84,1,"Dormant"
13782,13,6,912,2,"Active Customers"
13784,10,11,2462.79,2,"Active Customers"
13786,368,1,230.4,1,"Dormant"
13787,76,2,309.04,2,"Active Customers"
13790,5,1,348.8,2,"Active Customers"
13791,128,2,1516,2,"Active Customers"
13792,67,2,195.55,2,"Active Customers"
13798,2,30,18715.313,3,"VIP Customers"
13799,117,2,688.86,2,"Active Customers"
13800,310,1,558.32,1,"Dormant"
13801,67,1,324.8,2,"Active Customers"
13802,139,3,4599.42,2,"Active Customers"
13803,256,1,277.07,1,"Dormant"
13804,31,7,2635.79,2,"Active Customers"
13805,53,2,924.6,2,"Active Customers"
13806,64,1,256.38,2,"Active Customers"
13807,368,1,112.6,1,"Dormant"
13808,6,5,1747.66,2,"Active Customers"
13809,306,1,155.05,1,"Dormant"
13810,29,2,827.51,2,"Active Customers"
13811,184,2,519.75,1,"Dormant"
13812,43,3,485,2,"Active Customers"
13813,40,4,1168.86,2,"Active Customers"
13814,93,2,1579.12,2,"Active Customers"
13815,23,4,3667.36,2,"Active Customers"
13816,24,2,499.67,2,"Active Customers"
13817,30,2,328.98,2,"Active Customers"
13819,302,3,1140.35,1,"Dormant"
13821,145,2,385.64,1,"Dormant"
13822,6,2,632,2,"Active Customers"
13823,19,2,957.66,2,"Active Customers"
13824,33,5,1698.94,2,"Active Customers"
13826,177,1,189.5,1,"Dormant"
13827,58,3,412.05,2,"Active Customers"
13828,23,1,209.49,2,"Active Customers"
13831,17,6,2202.99,2,"Active Customers"
13832,20,1,52.2,2,"Active Customers"
13833,160,1,384.8,1,"Dormant"
13835,26,4,834.57,2,"Active Customers"
13837,212,2,271.24,1,"Dormant"
13838,6,4,691.73,2,"Active Customers"
13841,253,1,85,1,"Dormant"
13842,59,9,3385.62,2,"Active Customers"
13844,12,1,361.62,2,"Active Customers"
13845,65,1,312.98,2,"Active Customers"
13846,25,3,865.06,2,"Active Customers"
13848,93,3,1255,2,"Active Customers"
13849,52,2,1537.95,2,"Active Customers"
13850,130,1,1595.48,2,"Active Customers"
13851,96,3,2651.46,2,"Active Customers"
13853,58,1,1090.14,2,"Active Customers"
13854,9,25,8109.52,3,"VIP Customers"
13856,169,3,388.5,1,"Dormant"
13858,58,1,216.17,2,"Active Customers"
13859,327,1,201.16,1,"Dormant"
13860,2,5,1245.9,2,"Active Customers"
13862,19,8,2209.36,2,"Active Customers"
13863,248,1,305.78,1,"Dormant"
13865,59,4,501.56,2,"Active Customers"
13866,75,1,145.67,2,"Active Customers"
13867,32,3,1015.29,2,"Active Customers"
13868,8,2,3192.54,2,"Active Customers"
13869,124,4,3104.95,2,"Active Customers"
13870,3,8,2770.94,2,"Active Customers"
13871,23,13,6403.25,3,"VIP Customers"
13873,120,3,389.6,2,"Active Customers"
13874,359,1,540.45,1,"Dormant"
13875,54,5,1786.79,2,"Active Customers"
13876,64,1,122.7,2,"Active Customers"
13877,87,1,117.24,2,"Active Customers"
13878,55,1,1281.53,2,"Active Customers"
13880,22,13,3219.77,2,"Active Customers"
13881,4,20,17159.52,3,"VIP Customers"
13882,3,5,1191.13,2,"Active Customers"
13883,11,5,2674.48,2,"Active Customers"
13884,8,5,787.6,2,"Active Customers"
13885,190,2,506.8,1,"Dormant"
13886,72,1,243.56,2,"Active Customers"
13887,205,1,349.55,1,"Dormant"
13888,120,2,605.63,2,"Active Customers"
13889,93,1,416.9,2,"Active Customers"
13890,2,10,1883.81,2,"Active Customers"
13892,27,4,632.97,2,"Active Customers"
13893,298,1,821.1,1,"Dormant"
13894,24,3,564.62,2,"Active Customers"
13895,29,4,2593.07,2,"Active Customers"
13897,51,1,311.16,2,"Active Customers"
13898,326,1,155.93,1,"Dormant"
13899,17,2,388.52,2,"Active Customers"
13900,184,3,740.95,1,"Dormant"
13901,73,5,2867.2,2,"Active Customers"
13904,38,2,332.64,2,"Active Customers"
13908,80,4,2319.55,2,"Active Customers"
13911,58,9,2580.91,2,"Active Customers"
13914,12,2,626.45,2,"Active Customers"
13917,50,2,272.04,2,"Active Customers"
13918,50,2,1212.84,2,"Active Customers"
13919,60,2,348.81,2,"Active Customers"
13922,352,1,172.25,1,"Dormant"
13923,54,1,351.13,2,"Active Customers"
13924,2,6,1838.85,2,"Active Customers"
13925,93,4,678.25,2,"Active Customers"
13926,24,1,223.85,2,"Active Customers"
13927,75,1,348.99,2,"Active Customers"
13928,11,4,464.57,2,"Active Customers"
13929,170,2,842.65,1,"Dormant"
13930,58,2,337.34,2,"Active Customers"
13931,96,2,1237.53,2,"Active Customers"
13932,295,1,307.4,1,"Dormant"
13933,110,2,608.79,2,"Active Customers"
13934,264,1,922.1,1,"Dormant"
13936,180,1,376.58,1,"Dormant"
13937,170,1,158.85,1,"Dormant"
13938,36,1,71.66,2,"Active Customers"
13939,24,3,568.55,2,"Active Customers"
13940,18,4,839.14,2,"Active Customers"
13941,22,5,5112.96,2,"Active Customers"
13946,80,3,561.57,2,"Active Customers"
13947,66,1,90.6,2,"Active Customers"
13948,361,1,102,1,"Dormant"
13949,3,6,2427.32,2,"Active Customers"
13950,12,4,745.06,2,"Active Customers"
13951,177,3,674.45,1,"Dormant"
13952,218,2,3251.07,1,"Dormant"
13953,8,7,3515.68,2,"Active Customers"
13954,2,2,439.92,2,"Active Customers"
13955,155,2,322.96,1,"Dormant"
13956,6,5,1026.42,2,"Active Customers"
13959,80,3,598.2,2,"Active Customers"
13960,22,2,230.22,2,"Active Customers"
13962,22,2,169.55,2,"Active Customers"
13963,309,4,664.54,1,"Dormant"
13967,146,1,80.7,1,"Dormant"
13969,8,18,9053.94,3,"VIP Customers"
13971,19,8,2758.26,2,"Active Customers"
13972,71,2,190.25,2,"Active Customers"
13973,288,1,264.7,1,"Dormant"
13974,50,1,413.59,2,"Active Customers"
13975,32,6,2526.28,2,"Active Customers"
13976,207,1,357.98,1,"Dormant"
13978,15,2,196.79,2,"Active Customers"
13979,74,1,869.87,2,"Active Customers"
13980,61,1,200.14,2,"Active Customers"
13982,40,4,1871.81,2,"Active Customers"
13983,30,12,2603.43,2,"Active Customers"
13984,27,5,920.51,2,"Active Customers"
13985,5,15,7060.13,3,"VIP Customers"
13986,18,1,320.46,2,"Active Customers"
13988,20,6,4147.96,2,"Active Customers"
13989,66,2,1266.08,2,"Active Customers"
13990,214,1,311.3,1,"Dormant"
13991,13,6,854.97,2,"Active Customers"
13992,31,1,76.8,2,"Active Customers"
13993,43,9,3466.36,2,"Active Customers"
13994,4,6,2313.14,2,"Active Customers"
13995,16,5,1393.69,2,"Active Customers"
13999,11,12,3901.81,2,"Active Customers"
14000,212,1,635.66,1,"Dormant"
14001,46,3,2043.08,2,"Active Customers"
14002,135,2,529.73,2,"Active Customers"
14004,44,7,4582.64,2,"Active Customers"
14005,10,5,2874.72,2,"Active Customers"
14006,116,3,962.19,2,"Active Customers"
14009,199,2,695.61,1,"Dormant"
14012,278,1,328.8,1,"Dormant"
14013,111,3,473.02,2,"Active Customers"
14014,78,1,505.18,2,"Active Customers"
14015,53,1,917.34,2,"Active Customers"
14016,162,4,4291.21,2,"Active Customers"
14019,47,3,1421.61,2,"Active Customers"
14020,17,2,642.8,2,"Active Customers"
14021,156,3,631.9,1,"Dormant"
14022,226,1,440,1,"Dormant"
14023,8,2,584.07,2,"Active Customers"
14024,122,2,327.7,2,"Active Customers"
14027,61,1,104.82,2,"Active Customers"
14029,64,2,467.66,2,"Active Customers"
14030,19,8,2360.09,2,"Active Customers"
14031,8,19,17286.86,3,"VIP Customers"
14032,3,11,2975.59,2,"Active Customers"
14034,23,3,651.82,2,"Active Customers"
14035,29,5,1428.02,2,"Active Customers"
14036,285,1,626.65,1,"Dormant"
14037,177,2,147.2,1,"Dormant"
14038,79,3,1560.38,2,"Active Customers"
14039,34,1,152.2,2,"Active Customers"
14040,41,12,3614.92,2,"Active Customers"
14041,267,1,141.41,1,"Dormant"
14044,27,4,652.82,2,"Active Customers"
14045,110,4,1659.75,2,"Active Customers"
14046,285,1,151.59,1,"Dormant"
14047,9,5,1308.61,2,"Active Customers"
14048,306,1,409.93,1,"Dormant"
14049,17,4,5681.72,2,"Active Customers"
14050,32,2,746.36,2,"Active Customers"
14051,2,23,15610.39,3,"VIP Customers"
14052,20,1,225.36,2,"Active Customers"
14053,125,2,260.25,2,"Active Customers"
14054,66,1,92.46,2,"Active Customers"
14055,107,1,725.64,2,"Active Customers"
14056,2,23,8214.65,3,"VIP Customers"
14057,24,17,6217.96,3,"VIP Customers"
14059,267,1,183.6,1,"Dormant"
14060,5,19,6140.42,3,"VIP Customers"
14062,10,12,10464.85,3,"VIP Customers"
14064,30,5,1353.74,2,"Active Customers"
14066,267,1,152.55,1,"Dormant"
14067,64,2,374.7,2,"Active Customers"
14068,321,1,265.85,1,"Dormant"
14071,4,8,1424,2,"Active Customers"
14073,33,1,151.04,2,"Active Customers"
14075,5,3,942.26,2,"Active Customers"
14076,130,1,122.47,2,"Active Customers"
14077,41,5,499.42,2,"Active Customers"
14078,102,6,1049.37,2,"Active Customers"
14079,125,1,375.1,2,"Active Customers"
14080,33,1,52.2,2,"Active Customers"
14081,303,2,934.52,1,"Dormant"
14082,365,1,182.25,1,"Dormant"
14083,5,9,1018.43,2,"Active Customers"
14085,3,18,4448.54,3,"VIP Customers"
14087,3,1,194.42,2,"Active Customers"
14088,11,13,18715.313,3,"VIP Customers"
14089,57,1,161,2,"Active Customers"
14090,325,1,76.32,1,"Dormant"
14092,8,14,4076.91,3,"VIP Customers"
14093,13,1,442.85,2,"Active Customers"
14096,5,17,18715.313,3,"VIP Customers"
14098,37,1,147.35,2,"Active Customers"
14099,17,11,3104.17,2,"Active Customers"
14100,138,1,194.9,1,"Dormant"
14101,74,6,5976.79,2,"Active Customers"
14102,6,5,1360.28,2,"Active Customers"
14104,155,2,216.21,1,"Dormant"
14105,240,1,1266.23,1,"Dormant"
14107,52,7,2703.23,2,"Active Customers"
14108,31,2,597.91,2,"Active Customers"
14109,73,1,144.2,2,"Active Customers"
14110,4,12,5683.15,3,"VIP Customers"
14111,15,4,692.85,2,"Active Customers"
14112,23,7,2915.15,2,"Active Customers"
14113,4,4,1840.42,2,"Active Customers"
14114,274,2,386.53,1,"Dormant"
14116,20,5,1382.74,2,"Active Customers"
14117,144,1,90,1,"Dormant"
14121,4,4,2780.15,2,"Active Customers"
14124,85,1,419.58,2,"Active Customers"
14125,11,3,2740.43,2,"Active Customers"
14126,8,3,706.13,2,"Active Customers"
14127,123,3,709.71,2,"Active Customers"
14128,61,2,637.5,2,"Active Customers"
14129,2,5,1123.86,2,"Active Customers"
14130,320,1,483.86,1,"Dormant"
14132,3,11,3586.03,2,"Active Customers"
14133,130,3,605.64,2,"Active Customers"
14135,2,15,4690.31,3,"VIP Customers"
14138,2,2,982.38,2,"Active Customers"
14139,47,1,415.82,2,"Active Customers"
14140,4,2,935.05,2,"Active Customers"
14141,3,4,915.13,2,"Active Customers"
14142,369,1,311.81,1,"Dormant"
14143,134,1,115.8,2,"Active Customers"
14145,47,4,3742.2,2,"Active Customers"
14146,9,5,4191,2,"Active Customers"
14147,79,2,483.4,2,"Active Customers"
14148,234,1,157.2,1,"Dormant"
14149,221,1,446.62,1,"Dormant"
14150,36,2,658.64,2,"Active Customers"
14152,76,2,621.29,2,"Active Customers"
14154,240,2,1345.62,1,"Dormant"
14155,267,1,118.75,1,"Dormant"
14156,10,30,18715.313,3,"VIP Customers"
14157,20,2,432.88,2,"Active Customers"
14158,41,1,507.66,2,"Active Customers"
14159,20,11,4690.64,2,"Active Customers"
14161,216,3,1110.52,1,"Dormant"
14162,174,2,289.36,1,"Dormant"
14163,88,4,2445.91,2,"Active Customers"
14164,71,2,1631.77,2,"Active Customers"
14165,276,1,122.54,1,"Dormant"
14167,40,4,574.84,2,"Active Customers"
14171,99,1,363.79,2,"Active Customers"
14173,11,4,450.84,2,"Active Customers"
14174,34,1,134.46,2,"Active Customers"
14175,60,3,3222.3,2,"Active Customers"
14176,298,4,576.9,1,"Dormant"
14177,87,4,559.41,2,"Active Customers"
14178,9,7,1600.93,2,"Active Customers"
14179,41,2,719.78,2,"Active Customers"
14180,11,25,4748.52,3,"VIP Customers"
14184,67,1,452.89,2,"Active Customers"
14185,332,1,197.65,1,"Dormant"
14188,31,6,2054.36,2,"Active Customers"
14189,3,15,4654.08,3,"VIP Customers"
14191,2,13,4684.76,3,"VIP Customers"
14193,68,2,853.39,2,"Active Customers"
14194,5,21,11349.52,3,"VIP Customers"
14195,202,2,1012,1,"Dormant"
14196,107,1,335.52,2,"Active Customers"
14198,19,4,701.4,2,"Active Customers"
14199,219,1,185.4,1,"Dormant"
14201,61,7,747.44,2,"Active Customers"
14204,3,1,161.03,2,"Active Customers"
14205,17,2,466.7,2,"Active Customers"
14206,240,1,328.16,1,"Dormant"
14208,95,1,151.74,2,"Active Customers"
14209,11,6,2073.43,2,"Active Customers"
14210,106,6,1905.84,2,"Active Customers"
14211,54,9,2241.1,2,"Active Customers"
14212,90,1,1070.48,2,"Active Customers"
14214,31,5,1004.38,2,"Active Customers"
14215,12,6,1789.72,2,"Active Customers"
14216,4,4,1839.3,2,"Active Customers"
14217,2,17,2004.98,2,"Active Customers"
14218,43,1,169.48,2,"Active Customers"
14219,5,1,89.94,2,"Active Customers"
14220,248,2,632.4,1,"Dormant"
14221,43,9,3432.8,2,"Active Customers"
14222,178,1,683.17,1,"Dormant"
14223,93,3,991.13,2,"Active Customers"
14224,111,4,1050.12,2,"Active Customers"
14226,29,5,2232.19,2,"Active Customers"
14227,27,10,3350.96,2,"Active Customers"
14229,52,3,1547.2,2,"Active Customers"
14231,184,3,925.71,1,"Dormant"
14232,43,5,2048.07,2,"Active Customers"
14233,50,4,1462.72,2,"Active Customers"
14234,23,4,775.46,2,"Active Customers"
14235,76,5,3144.86,2,"Active Customers"
14236,81,2,490.86,2,"Active Customers"
14237,369,1,161,1,"Dormant"
14238,327,1,146.85,1,"Dormant"
14239,44,11,2380.85,2,"Active Customers"
14240,31,2,890.34,2,"Active Customers"
14241,184,1,213.7,1,"Dormant"
14242,235,2,280.55,1,"Dormant"
14243,9,10,2588.77,2,"Active Customers"
14245,220,2,1693.45,1,"Dormant"
14246,111,3,1474.06,2,"Active Customers"
14247,279,1,136.77,1,"Dormant"
14248,319,1,302.58,1,"Dormant"
14250,8,3,1904.05,2,"Active Customers"
14251,2,5,2879.7,2,"Active Customers"
14256,261,2,969.06,1,"Dormant"
14257,65,5,3099.72,2,"Active Customers"
14258,10,9,12669.98,3,"VIP Customers"
14259,142,1,120,1,"Dormant"
14261,51,2,1163.45,2,"Active Customers"
14262,9,8,2618.23,2,"Active Customers"
14264,155,2,333.97,1,"Dormant"
14265,110,2,530.18,2,"Active Customers"
14267,163,3,1516.24,1,"Dormant"
14270,332,1,492.65,1,"Dormant"
14271,226,1,112.32,1,"Dormant"
14272,74,2,437.96,2,"Active Customers"
14273,52,4,559.97,2,"Active Customers"
14276,99,3,1119.74,2,"Active Customers"
14277,16,3,4180.2,2,"Active Customers"
14280,197,1,134.04,1,"Dormant"
14282,4,15,3729.34,3,"VIP Customers"
14284,31,2,595.25,2,"Active Customers"
14285,22,4,1910.01,2,"Active Customers"
14286,24,3,4628.75,2,"Active Customers"
14287,9,3,176.63,2,"Active Customers"
14288,214,1,426.6,1,"Dormant"
14289,9,6,911.26,2,"Active Customers"
14290,12,5,2314.65,2,"Active Customers"
14291,2,11,3883.25,2,"Active Customers"
14292,8,9,4871.93,2,"Active Customers"
14293,4,4,1046.56,2,"Active Customers"
14295,41,1,166.2,2,"Active Customers"
14297,18,4,1305.33,2,"Active Customers"
14298,9,30,18715.313,3,"VIP Customers"
14299,9,9,3965.62,2,"Active Customers"
14300,19,1,52.2,2,"Active Customers"
14301,118,1,640.14,2,"Active Customers"
14304,223,1,383.45,1,"Dormant"
14305,72,3,1858.96,2,"Active Customers"
14306,52,2,2093.32,2,"Active Customers"
14307,89,6,2995.72,2,"Active Customers"
14309,9,9,2352.53,2,"Active Customers"
14311,243,1,310.26,1,"Dormant"
14312,47,6,1611.59,2,"Active Customers"
14314,107,1,120,2,"Active Customers"
14315,45,6,2481.13,2,"Active Customers"
14317,65,1,508.58,2,"Active Customers"
14320,207,2,477.79,1,"Dormant"
14321,11,5,1530.75,2,"Active Customers"
14323,115,2,605.06,2,"Active Customers"
14326,243,1,183.85,1,"Dormant"
14327,164,1,311.65,1,"Dormant"
14329,18,7,5014.84,2,"Active Customers"
14331,125,2,462.66,2,"Active Customers"
14332,23,3,866.31,2,"Active Customers"
14333,68,1,415.2,2,"Active Customers"
14334,17,8,2552.21,2,"Active Customers"
14335,17,2,468.26,2,"Active Customers"
14336,17,4,1614.91,2,"Active Customers"
14338,162,2,588.22,1,"Dormant"
14339,243,1,309.52,1,"Dormant"
14340,219,1,134.7,1,"Dormant"
14341,46,8,2182.28,2,"Active Customers"
14342,22,4,668.56,2,"Active Customers"
14344,128,8,889.93,2,"Active Customers"
14345,39,1,108.98,2,"Active Customers"
14346,121,2,1021.58,2,"Active Customers"
14348,261,1,409.57,1,"Dormant"
14349,11,1,133.5,2,"Active Customers"
14350,275,1,282.93,1,"Dormant"
14351,165,1,52.2,1,"Dormant"
14352,158,4,1078.96,1,"Dormant"
14353,216,1,90.6,1,"Dormant"
14354,6,2,163.62,2,"Active Customers"
14355,366,1,174.4,1,"Dormant"
14356,80,2,701.23,2,"Active Customers"
14357,44,1,225.77,2,"Active Customers"
14359,20,3,912.18,2,"Active Customers"
14360,32,4,2128.23,2,"Active Customers"
14362,23,1,161.2,2,"Active Customers"
14364,109,8,3717.35,2,"Active Customers"
14367,9,16,9261.52,3,"VIP Customers"
14368,320,1,155,1,"Dormant"
14371,296,1,100.5,1,"Dormant"
14373,359,1,76.55,1,"Dormant"
14375,186,1,257.68,1,"Dormant"
14377,192,2,617.05,1,"Dormant"
14379,45,2,348.1,2,"Active Customers"
14381,53,1,202.68,2,"Active Customers"
14382,27,1,626.07,2,"Active Customers"
14383,39,3,1247.69,2,"Active Customers"
14385,10,3,202.11,2,"Active Customers"
14386,297,1,142.4,1,"Dormant"
14387,33,3,1770.56,2,"Active Customers"
14388,11,8,3212.84,2,"Active Customers"
14389,66,2,1043.46,2,"Active Customers"
14390,11,9,4652.82,2,"Active Customers"
14393,219,1,67.95,1,"Dormant"
14395,3,9,3507.71,2,"Active Customers"
14396,66,2,487.99,2,"Active Customers"
14397,3,19,2612.96,3,"VIP Customers"
14400,150,1,574.7,1,"Dormant"
14401,5,13,4051.48,2,"Active Customers"
14403,131,4,1475.81,2,"Active Customers"
14404,34,6,1474.32,2,"Active Customers"
14406,120,1,156.75,2,"Active Customers"
14407,108,5,2142.73,2,"Active Customers"
14408,11,7,2606.53,2,"Active Customers"
14409,72,6,2059.45,2,"Active Customers"
14410,93,9,1104.07,2,"Active Customers"
14411,311,1,1063,1,"Dormant"
14412,43,2,770.03,2,"Active Customers"
14413,363,1,122.7,1,"Dormant"
14414,92,7,1496.98,2,"Active Customers"
14415,2,13,5900.28,3,"VIP Customers"
14416,23,2,490.22,2,"Active Customers"
14418,4,3,1937.25,2,"Active Customers"
14419,11,6,1058.06,2,"Active Customers"
14420,100,1,387.52,2,"Active Customers"
14421,58,2,813.11,2,"Active Customers"
14422,2,6,4263.64,2,"Active Customers"
14423,219,1,265.2,1,"Dormant"
14424,18,1,322.08,2,"Active Customers"
14426,24,10,4481.67,2,"Active Customers"
14427,51,2,363.34,2,"Active Customers"
14428,8,5,1244.83,2,"Active Customers"
14431,303,1,470.36,1,"Dormant"
14432,10,6,2255.51,2,"Active Customers"
14434,22,6,1372.8,2,"Active Customers"
14436,99,1,89.06,2,"Active Customers"
14437,366,1,63,1,"Dormant"
14438,307,1,131.9,1,"Dormant"
14439,320,1,2661.24,1,"Dormant"
14440,9,5,2357.68,2,"Active Customers"
14441,2,4,1712.89,2,"Active Customers"
14442,205,2,1589.82,1,"Dormant"
14443,54,4,1420.2,2,"Active Customers"
14446,2,4,1034.78,2,"Active Customers"
14447,19,5,1163.23,2,"Active Customers"
14448,10,2,375.35,2,"Active Customers"
14449,19,4,907.1,2,"Active Customers"
14450,181,3,483.25,1,"Dormant"
14451,61,2,662.59,2,"Active Customers"
14452,11,2,264.44,2,"Active Customers"
14453,191,1,119.93,1,"Dormant"
14456,6,9,3059.44,2,"Active Customers"
14457,311,1,113.64,1,"Dormant"
14459,156,1,1837.92,1,"Dormant"
14460,111,3,434.34,2,"Active Customers"
14461,149,3,2102.67,2,"Active Customers"
14462,67,11,1999.02,2,"Active Customers"
14463,99,3,529.62,2,"Active Customers"
14465,247,3,1058.62,1,"Dormant"
14466,30,7,2272.4,2,"Active Customers"
14467,18,4,598.76,2,"Active Customers"
14470,12,2,461.19,2,"Active Customers"
14472,104,8,1936.84,2,"Active Customers"
14473,75,2,234.34,2,"Active Customers"
14474,47,1,547.66,2,"Active Customers"
14475,72,3,925.85,2,"Active Customers"
14476,258,1,215.7,1,"Dormant"
14477,20,4,1309.6,2,"Active Customers"
14479,254,2,316.25,1,"Dormant"
14480,12,1,279.05,2,"Active Customers"
14481,165,2,636.51,1,"Dormant"
14482,19,6,2068.15,2,"Active Customers"
14483,282,1,137.1,1,"Dormant"
14484,51,1,321.92,2,"Active Customers"
14485,39,1,165.75,2,"Active Customers"
14487,27,6,1196.33,2,"Active Customers"
14488,68,1,1064.28,2,"Active Customers"
14489,208,1,463.38,1,"Dormant"
14491,176,2,340.93,1,"Dormant"
14493,8,5,2383.24,2,"Active Customers"
14494,26,1,139.56,2,"Active Customers"
14495,51,2,123.8,2,"Active Customers"
14496,312,2,538.81,1,"Dormant"
14497,310,1,475.37,1,"Dormant"
14498,43,5,1957.32,2,"Active Customers"
14499,27,3,815.32,2,"Active Customers"
14500,89,3,356.85,2,"Active Customers"
14501,184,2,251.21,1,"Dormant"
14502,20,11,2467.63,2,"Active Customers"
14503,4,6,3543.26,2,"Active Customers"
14504,48,4,673.26,2,"Active Customers"
14505,18,8,5905.64,2,"Active Customers"
14506,18,5,2012.17,2,"Active Customers"
14507,24,6,1383.18,2,"Active Customers"
14508,23,2,276.42,2,"Active Customers"
14511,12,5,1314.81,2,"Active Customers"
14512,188,2,275.28,1,"Dormant"
14513,101,3,455.59,2,"Active Customers"
14514,62,3,1055.35,2,"Active Customers"
14515,18,6,2102.09,2,"Active Customers"
14517,34,2,330.45,2,"Active Customers"
14518,65,1,174.37,2,"Active Customers"
14520,2,2,270.6,2,"Active Customers"
14522,25,4,974.54,2,"Active Customers"
14523,109,1,241.09,2,"Active Customers"
14524,32,9,1867.68,2,"Active Customers"
14525,20,9,4332.2,2,"Active Customers"
14527,3,30,8507.82,3,"VIP Customers"
14528,38,1,364.22,2,"Active Customers"
14529,61,3,620.04,2,"Active Customers"
14530,26,6,2925.91,2,"Active Customers"
14532,237,4,932.85,1,"Dormant"
14533,25,7,1949.72,2,"Active Customers"
14534,3,18,4445.4,3,"VIP Customers"
14535,61,3,2864.19,2,"Active Customers"
14536,260,1,171.8,1,"Dormant"
14537,58,1,355.56,2,"Active Customers"
14538,65,2,388.25,2,"Active Customers"
14539,16,2,537.48,2,"Active Customers"
14540,10,3,996.26,2,"Active Customers"
14541,59,8,1461.65,2,"Active Customers"
14542,186,1,103.25,1,"Dormant"
14543,29,16,3590.68,3,"VIP Customers"
14544,25,2,2024.45,2,"Active Customers"
14546,6,5,2578.09,2,"Active Customers"
14547,4,8,4007.54,2,"Active Customers"
14548,151,2,652.8,1,"Dormant"
14549,312,1,289.24,1,"Dormant"
14550,11,2,765.62,2,"Active Customers"
14551,19,2,186.23,2,"Active Customers"
14552,152,1,165.07,1,"Dormant"
14553,20,5,859.27,2,"Active Customers"
14554,11,4,2381.04,2,"Active Customers"
14555,58,2,324.14,2,"Active Customers"
14557,86,1,788.38,2,"Active Customers"
14560,8,22,2237.77,3,"VIP Customers"
14561,76,3,1080.76,2,"Active Customers"
14562,4,18,5074.77,3,"VIP Customers"
14565,96,4,2949.12,2,"Active Customers"
14566,111,1,1432,2,"Active Customers"
14567,57,2,1530.36,2,"Active Customers"
14569,2,1,227.39,2,"Active Customers"
14570,281,2,217.21,1,"Dormant"
14572,4,7,2832.84,2,"Active Customers"
14573,180,9,1653.42,1,"Dormant"
14576,369,1,52.2,1,"Dormant"
14577,13,4,859.71,2,"Active Customers"
14578,4,1,168.63,2,"Active Customers"
14581,17,1,138.6,2,"Active Customers"
14582,41,1,114.11,2,"Active Customers"
14583,6,5,1052.55,2,"Active Customers"
14584,170,4,1042.26,1,"Dormant"
14585,51,1,157.05,2,"Active Customers"
14586,277,1,237.36,1,"Dormant"
14587,19,9,1601.14,2,"Active Customers"
14589,369,1,52.2,1,"Dormant"
14591,16,4,1447.14,2,"Active Customers"
14592,36,3,570.46,2,"Active Customers"
14593,22,3,617.99,2,"Active Customers"
14594,8,2,379.83,2,"Active Customers"
14595,20,6,1740.6,2,"Active Customers"
14597,12,2,883.15,2,"Active Customers"
14598,45,1,221.97,2,"Active Customers"
14600,306,1,393.33,1,"Dormant"
14601,11,1,213.96,2,"Active Customers"
14603,275,1,660,1,"Dormant"
14606,2,30,12006.65,3,"VIP Customers"
14607,16,12,15021.5,3,"VIP Customers"
14608,5,4,1785.15,2,"Active Customers"
14609,73,4,601.56,2,"Active Customers"
14616,243,3,406.08,1,"Dormant"
14618,10,3,553.44,2,"Active Customers"
14619,246,1,394.44,1,"Dormant"
14620,206,2,412.78,1,"Dormant"
14621,2,5,1788.36,2,"Active Customers"
14622,185,1,320.58,1,"Dormant"
14623,33,5,884.57,2,"Active Customers"
14624,58,2,225.85,2,"Active Customers"
14625,197,2,899.63,1,"Dormant"
14626,24,4,2791.27,2,"Active Customers"
14628,92,2,671.96,2,"Active Customers"
14629,5,2,959.01,2,"Active Customers"
14631,51,3,1006.98,2,"Active Customers"
14632,263,1,114.56,1,"Dormant"
14633,267,1,344.9,1,"Dormant"
14636,37,2,609.85,2,"Active Customers"
14638,51,1,443.6,2,"Active Customers"
14639,53,6,2984.49,2,"Active Customers"
14640,25,6,2125.08,2,"Active Customers"
14641,22,1,110.46,2,"Active Customers"
14642,59,1,96.12,2,"Active Customers"
14643,171,2,693.81,1,"Dormant"
14644,68,2,830.76,2,"Active Customers"
14645,157,2,597.09,1,"Dormant"
14646,2,30,18715.313,3,"VIP Customers"
14647,202,1,243.22,1,"Dormant"
14649,5,4,1417.29,2,"Active Customers"
14651,68,2,654.6,2,"Active Customers"
14652,78,1,114.18,2,"Active Customers"
14653,2,7,1937.6,2,"Active Customers"
14655,9,4,1932.23,2,"Active Customers"
14656,170,2,291.05,1,"Dormant"
14657,18,4,848.22,2,"Active Customers"
14658,6,2,247.15,2,"Active Customers"
14659,9,9,2529.93,2,"Active Customers"
14660,87,2,285.74,2,"Active Customers"
14661,27,1,107.95,2,"Active Customers"
14662,29,4,771.17,2,"Active Customers"
14664,20,2,637.89,2,"Active Customers"
14665,61,5,1835.7,2,"Active Customers"
14666,25,1,179.95,2,"Active Customers"
14667,11,25,9236.95,3,"VIP Customers"
14669,242,3,1269.99,1,"Dormant"
14670,281,2,411.53,1,"Dormant"
14672,235,2,765.55,1,"Dormant"
14673,4,5,1736.4,2,"Active Customers"
14675,17,1,604.75,2,"Active Customers"
14676,32,6,2548.24,2,"Active Customers"
14680,26,16,18715.313,3,"VIP Customers"
14681,72,3,498.95,2,"Active Customers"
14682,188,2,52.2,1,"Dormant"
14684,26,5,1236.28,2,"Active Customers"
14687,107,1,628.38,2,"Active Customers"
14688,8,21,5630.87,3,"VIP Customers"
14689,209,1,112.8,1,"Dormant"
14690,45,2,371.7,2,"Active Customers"
14691,31,5,2114.33,2,"Active Customers"
14692,138,4,591.55,2,"Active Customers"
14693,265,1,172.9,1,"Dormant"
14696,5,7,2078.95,2,"Active Customers"
14697,219,2,188.61,1,"Dormant"
14698,2,5,1250.76,2,"Active Customers"
14699,215,1,109.13,1,"Dormant"
14700,33,3,2235.3,2,"Active Customers"
14701,11,9,2549.37,2,"Active Customers"
14702,2,17,3292.14,3,"VIP Customers"
14703,15,1,318.17,2,"Active Customers"
14704,20,7,1514.57,2,"Active Customers"
14705,199,1,179,1,"Dormant"
14708,3,3,1126.37,2,"Active Customers"
14709,16,13,4921.04,3,"VIP Customers"
14710,15,4,606.13,2,"Active Customers"
14711,11,11,2868.8,2,"Active Customers"
14712,30,3,917.07,2,"Active Customers"
14713,10,11,2666.36,2,"Active Customers"
14714,25,1,160.19,2,"Active Customers"
14715,25,4,867.38,2,"Active Customers"
14716,44,2,329.68,2,"Active Customers"
14719,2,5,1602.13,2,"Active Customers"
14720,6,3,663.81,2,"Active Customers"
14722,148,1,187.92,1,"Dormant"
14723,11,6,1156.6,2,"Active Customers"
14725,25,1,718.08,2,"Active Customers"
14727,275,1,268.58,1,"Dormant"
14729,369,1,313.49,1,"Dormant"
14730,2,8,2005.06,2,"Active Customers"
14731,48,3,380.02,2,"Active Customers"
14732,9,8,2702.49,2,"Active Customers"
14733,17,12,9585.91,3,"VIP Customers"
14735,4,30,6050.69,3,"VIP Customers"
14737,4,3,1164.55,2,"Active Customers"
14738,43,7,1314.45,2,"Active Customers"
14739,5,7,3902.28,2,"Active Customers"
14740,198,3,1448.21,1,"Dormant"
14741,12,6,1400.34,2,"Active Customers"
14744,17,7,1099.98,2,"Active Customers"
14745,113,5,1220.26,2,"Active Customers"
14747,250,1,328.2,1,"Dormant"
14748,30,5,1415.75,2,"Active Customers"
14752,44,1,389.64,2,"Active Customers"
14753,88,1,563.15,2,"Active Customers"
14754,45,2,638.05,2,"Active Customers"
14755,10,11,5010.28,2,"Active Customers"
14756,16,1,738.96,2,"Active Customers"
14757,76,1,420.5,2,"Active Customers"
14758,145,4,1484.06,2,"Active Customers"
14759,5,3,1625.97,2,"Active Customers"
14760,298,1,89.2,1,"Dormant"
14761,59,2,255.9,2,"Active Customers"
14762,264,1,300.52,1,"Dormant"
14764,47,1,278.3,2,"Active Customers"
14765,30,3,254.11,2,"Active Customers"
14766,9,6,2473.37,2,"Active Customers"
14768,18,2,192.6,2,"Active Customers"
14769,3,8,10673.1,3,"VIP Customers"
14770,233,2,876.42,1,"Dormant"
14772,113,1,139.26,2,"Active Customers"
14775,59,3,1011.9,2,"Active Customers"
14776,52,11,2538.3,2,"Active Customers"
14778,128,2,730.86,2,"Active Customers"
14779,281,3,386.15,1,"Dormant"
14780,55,2,447.68,2,"Active Customers"
14782,320,1,200.1,1,"Dormant"
14784,27,2,289.99,2,"Active Customers"
14785,11,2,77.4,2,"Active Customers"
14788,8,2,679.44,2,"Active Customers"
14789,29,1,197.64,2,"Active Customers"
14790,17,4,745.06,2,"Active Customers"
14792,64,1,52.2,2,"Active Customers"
14793,22,1,228.99,2,"Active Customers"
14794,3,7,1319.91,2,"Active Customers"
14795,167,1,131.45,1,"Dormant"
14796,2,17,8020.93,3,"VIP Customers"
14798,53,3,173.74,2,"Active Customers"
14799,52,1,157.7,2,"Active Customers"
14800,48,12,4339.74,2,"Active Customers"
14801,62,1,193.14,2,"Active Customers"
14803,163,3,845.55,1,"Dormant"
14804,9,1,353.27,2,"Active Customers"
14805,16,4,554.65,2,"Active Customers"
14806,76,1,193.39,2,"Active Customers"
14808,40,8,2741.17,2,"Active Customers"
14810,41,11,2087.88,2,"Active Customers"
14813,369,2,155.43,1,"Dormant"
14815,37,2,778.5,2,"Active Customers"
14816,198,1,271.85,1,"Dormant"
14817,201,2,1010.34,1,"Dormant"
14818,74,3,657.8,2,"Active Customers"
14819,65,2,272.07,2,"Active Customers"
14820,22,4,507.29,2,"Active Customers"
14821,367,1,52.2,1,"Dormant"
14823,181,3,321.43,1,"Dormant"
14824,11,4,1127.71,2,"Active Customers"
14825,4,12,2226.91,2,"Active Customers"
14828,197,3,2139.76,1,"Dormant"
14829,30,4,697.55,2,"Active Customers"
14830,54,1,196.28,2,"Active Customers"
14834,18,6,1720.3,2,"Active Customers"
14836,11,3,102.45,2,"Active Customers"
14837,90,4,1649.5,2,"Active Customers"
14840,268,1,62.85,1,"Dormant"
14841,54,6,3295.76,2,"Active Customers"
14842,44,4,2824.69,2,"Active Customers"
14844,64,4,3189.81,2,"Active Customers"
14847,149,1,309.4,1,"Dormant"
14849,22,25,7930.54,3,"VIP Customers"
14850,312,1,325.75,1,"Dormant"
14851,24,2,511.35,2,"Active Customers"
14852,59,6,2836.69,2,"Active Customers"
14853,25,2,475.8,2,"Active Customers"
14854,79,7,2759.83,2,"Active Customers"
14855,120,2,645.65,2,"Active Customers"
14856,37,3,1311.38,2,"Active Customers"
14857,60,2,1173.12,2,"Active Customers"
14859,13,4,1353.74,2,"Active Customers"
14860,20,1,170.32,2,"Active Customers"
14861,53,1,125.79,2,"Active Customers"
14862,26,2,841.2,2,"Active Customers"
14863,30,1,266.76,2,"Active Customers"
14865,8,2,52.2,2,"Active Customers"
14866,11,11,14353.4,3,"VIP Customers"
14867,186,3,710.28,1,"Dormant"
14868,4,8,2953.59,2,"Active Customers"
14869,9,2,725.7,2,"Active Customers"
14870,262,1,327.25,1,"Dormant"
14871,4,4,522.38,2,"Active Customers"
14873,211,1,519.68,1,"Dormant"
14875,108,2,1465.32,2,"Active Customers"
14878,13,9,1485.54,2,"Active Customers"
14880,78,3,706.19,2,"Active Customers"
14881,20,1,255.4,2,"Active Customers"
14882,27,2,589.7,2,"Active Customers"
14883,19,6,761.59,2,"Active Customers"
14885,132,1,765.32,2,"Active Customers"
14886,253,1,364.8,1,"Dormant"
14887,80,1,1862,2,"Active Customers"
14888,208,1,369.2,1,"Dormant"
14889,337,1,135.9,1,"Dormant"
14890,254,1,125.65,1,"Dormant"
14891,149,2,554.38,1,"Dormant"
14893,10,2,1237.85,2,"Active Customers"
14894,86,1,655.75,2,"Active Customers"
14895,8,20,11138.71,3,"VIP Customers"
14896,205,2,468.77,1,"Dormant"
14897,8,4,1366.38,2,"Active Customers"
14898,24,6,1303.52,2,"Active Customers"
14901,12,9,1421.29,2,"Active Customers"
14902,26,1,332.66,2,"Active Customers"
14903,22,5,2810.63,2,"Active Customers"
14904,3,2,1025.44,2,"Active Customers"
14905,158,2,616.15,1,"Dormant"
14907,4,7,3501.1,2,"Active Customers"
14908,75,1,277.8,2,"Active Customers"
14910,3,4,434.35,2,"Active Customers"
14911,2,30,18715.313,3,"VIP Customers"
14912,17,2,867.85,2,"Active Customers"
14913,36,4,1227.43,2,"Active Customers"
14915,92,2,307.48,2,"Active Customers"
14916,71,4,1268.98,2,"Active Customers"
14918,116,2,1610.15,2,"Active Customers"
14920,213,2,977.77,1,"Dormant"
14921,31,2,1316.07,2,"Active Customers"
14923,51,1,749.1,2,"Active Customers"
14924,246,1,310.05,1,"Dormant"
14929,33,1,223.88,2,"Active Customers"
14930,109,3,2372.86,2,"Active Customers"
14931,5,4,864.68,2,"Active Customers"
14932,366,1,313.53,1,"Dormant"
14934,82,2,1890.94,2,"Active Customers"
14935,298,1,1784.71,1,"Dormant"
14936,34,8,8137.02,3,"VIP Customers"
14937,57,3,1621.88,2,"Active Customers"
14944,30,12,5900.25,3,"VIP Customers"
14946,15,1,100.9,2,"Active Customers"
14947,73,2,290.82,2,"Active Customers"
14948,24,6,1101.97,2,"Active Customers"
14950,20,1,371.2,2,"Active Customers"
14951,80,1,311.69,2,"Active Customers"
14952,60,11,8099.49,3,"VIP Customers"
14953,26,1,289.82,2,"Active Customers"
14954,13,1,336.17,2,"Active Customers"
14957,254,1,58.49,1,"Dormant"
14958,148,3,499.68,1,"Dormant"
14959,65,4,695.42,2,"Active Customers"
14960,9,2,221.27,2,"Active Customers"
14961,11,9,7044.68,3,"VIP Customers"
14962,271,1,126.7,1,"Dormant"
14963,10,5,1487.8,2,"Active Customers"
14964,248,1,206.21,1,"Dormant"
14965,97,2,599,2,"Active Customers"
14966,15,1,191.32,2,"Active Customers"
14967,50,1,463.8,2,"Active Customers"
14968,31,1,147.59,2,"Active Customers"
14970,69,4,1592.06,2,"Active Customers"
14971,36,3,1116.57,2,"Active Customers"
14972,129,1,114.77,2,"Active Customers"
14973,108,3,1314.45,2,"Active Customers"
14974,38,1,114.39,2,"Active Customers"
14975,58,1,279.94,2,"Active Customers"
14976,58,6,774.86,2,"Active Customers"
14978,73,5,1931.42,2,"Active Customers"
14981,247,1,102.12,1,"Dormant"
14984,20,2,213.27,2,"Active Customers"
14985,199,2,296.75,1,"Dormant"
14987,16,2,326.4,2,"Active Customers"
14988,212,1,334.54,1,"Dormant"
14995,39,2,233.23,2,"Active Customers"
14997,47,3,546.2,2,"Active Customers"
14998,171,2,429.87,1,"Dormant"
15000,48,1,490.52,2,"Active Customers"
15002,116,4,1641.76,2,"Active Customers"
15004,148,1,1245.93,1,"Dormant"
15005,16,28,6314.87,3,"VIP Customers"
15006,52,1,497.14,2,"Active Customers"
15007,160,1,156.91,1,"Dormant"
15009,13,3,1261.78,2,"Active Customers"
15010,36,1,308.94,2,"Active Customers"
15012,54,2,423.04,2,"Active Customers"
15014,44,2,260.17,2,"Active Customers"
15016,173,1,170.04,1,"Dormant"
15017,34,1,125.58,2,"Active Customers"
15018,39,3,496.21,2,"Active Customers"
15019,267,1,266,1,"Dormant"
15021,9,9,1914.82,2,"Active Customers"
15022,12,4,905.04,2,"Active Customers"
15023,4,11,6783.86,3,"VIP Customers"
15024,10,10,1661.33,2,"Active Customers"
15025,34,1,377.01,2,"Active Customers"
15026,81,3,464.2,2,"Active Customers"
15027,31,4,1066.15,2,"Active Customers"
15028,9,4,627.13,2,"Active Customers"
15030,72,2,518.28,2,"Active Customers"
15031,5,4,668.14,2,"Active Customers"
15032,257,3,4959.1,1,"Dormant"
15033,5,10,2583.37,2,"Active Customers"
15034,16,8,4308.61,2,"Active Customers"
15035,90,1,252.73,2,"Active Customers"
15036,73,3,465.55,2,"Active Customers"
15038,59,6,705.49,2,"Active Customers"
15039,10,30,18715.313,3,"VIP Customers"
15041,171,1,180.35,1,"Dormant"
15042,200,1,135.93,1,"Dormant"
15043,32,1,537,2,"Active Customers"
15044,20,17,7700.23,3,"VIP Customers"
15045,152,2,735.66,1,"Dormant"
15046,10,15,5194.82,3,"VIP Customers"
15047,270,1,343.62,1,"Dormant"
15048,66,4,384.05,2,"Active Customers"
15049,274,1,121.17,1,"Dormant"
15050,26,3,1782.09,2,"Active Customers"
15051,24,3,1391.61,2,"Active Customers"
15052,320,1,215.78,1,"Dormant"
15053,5,3,697.79,2,"Active Customers"
15054,13,2,302.1,2,"Active Customers"
15057,276,2,1489.5,1,"Dormant"
15058,26,11,2124.99,2,"Active Customers"
15059,41,9,1337.72,2,"Active Customers"
15060,9,4,301.84,2,"Active Customers"
15061,4,30,18715.313,3,"VIP Customers"
15062,72,4,987.86,2,"Active Customers"
15063,214,1,370.8,1,"Dormant"
15065,38,4,3158.13,2,"Active Customers"
15066,54,1,893.59,2,"Active Customers"
15067,79,3,1744.76,2,"Active Customers"
15068,47,2,553.36,2,"Active Customers"
15069,180,1,1109.53,1,"Dormant"
15070,369,1,106.2,1,"Dormant"
15071,94,2,982.07,2,"Active Customers"
15073,10,3,1043.41,2,"Active Customers"
15074,106,1,748.87,2,"Active Customers"
15075,78,1,773.03,2,"Active Customers"
15076,173,1,880.85,1,"Dormant"
15078,8,30,9743.11,3,"VIP Customers"
15079,213,4,895.61,1,"Dormant"
15081,23,5,504.8,2,"Active Customers"
15083,257,1,88.2,1,"Dormant"
15087,282,1,306.94,1,"Dormant"
15088,22,2,1160.07,2,"Active Customers"
15089,11,6,2420.84,2,"Active Customers"
15090,309,1,381.32,1,"Dormant"
15091,68,1,480.71,2,"Active Customers"
15092,216,2,457.81,1,"Dormant"
15093,19,6,4597.02,2,"Active Customers"
15095,104,4,1370.6,2,"Active Customers"
15096,43,1,219.39,2,"Active Customers"
15097,5,1,248.08,2,"Active Customers"
15098,183,3,18715.313,3,"VIP Customers"
15099,85,1,410.48,2,"Active Customers"
15100,334,3,876,1,"Dormant"
15101,9,2,317.53,2,"Active Customers"
15103,32,2,703.36,2,"Active Customers"
15104,197,2,1027.44,1,"Dormant"
15105,19,7,2298.93,2,"Active Customers"
15106,18,5,1422.52,2,"Active Customers"
15107,312,6,319.5,1,"Dormant"
15108,142,3,1159.25,2,"Active Customers"
15109,246,1,484.95,1,"Dormant"
15110,24,4,996.1,2,"Active Customers"
15111,30,3,1567.48,2,"Active Customers"
15113,10,3,3608.94,2,"Active Customers"
15114,31,10,2760.56,2,"Active Customers"
15115,19,1,340.11,2,"Active Customers"
15116,18,4,1352.75,2,"Active Customers"
15117,15,5,1551.78,2,"Active Customers"
15118,135,1,244.8,2,"Active Customers"
15119,246,1,266.4,1,"Dormant"
15120,134,1,358.82,2,"Active Customers"
15121,51,2,457.72,2,"Active Customers"
15122,115,3,1633.78,2,"Active Customers"
15123,8,2,2199.31,2,"Active Customers"
15124,23,2,184.19,2,"Active Customers"
15125,26,15,11528.48,3,"VIP Customers"
15127,66,1,406.53,2,"Active Customers"
15128,61,4,1471,2,"Active Customers"
15129,51,11,3447.4,2,"Active Customers"
15130,170,1,330.11,1,"Dormant"
15132,19,5,977.93,2,"Active Customers"
15133,128,3,982.42,2,"Active Customers"
15134,15,8,1387.99,2,"Active Customers"
15135,240,1,139.05,1,"Dormant"
15136,3,4,1286.7,2,"Active Customers"
15139,240,2,178.96,1,"Dormant"
15140,53,7,2354.25,2,"Active Customers"
15142,47,1,498.74,2,"Active Customers"
15143,226,1,259.45,1,"Dormant"
15144,9,17,6580.44,3,"VIP Customers"
15145,5,4,1194.73,2,"Active Customers"
15146,165,2,1327.16,1,"Dormant"
15147,241,1,623.5,1,"Dormant"
15148,11,1,301.29,2,"Active Customers"
15149,134,1,520.8,2,"Active Customers"
15150,18,10,5314.47,2,"Active Customers"
15152,10,13,4745.69,3,"VIP Customers"
15153,32,1,329.25,2,"Active Customers"
15154,76,1,296.42,2,"Active Customers"
15156,2,3,961.49,2,"Active Customers"
15157,4,3,1936.07,2,"Active Customers"
15158,46,1,401.4,2,"Active Customers"
15159,2,30,18641.01,3,"VIP Customers"
15160,358,1,158.16,1,"Dormant"
15163,19,2,304.47,2,"Active Customers"
15164,69,3,843.05,2,"Active Customers"
15165,369,1,487.75,1,"Dormant"
15167,321,1,163,1,"Dormant"
15168,26,1,106.56,2,"Active Customers"
15171,332,1,1289.5,1,"Dormant"
15172,9,5,1624.05,2,"Active Customers"
15174,323,1,135.75,1,"Dormant"
15175,72,1,224.14,2,"Active Customers"
15178,261,1,52.2,1,"Dormant"
15179,19,5,2206.95,2,"Active Customers"
15180,368,1,87.5,1,"Dormant"
15181,67,3,689.48,2,"Active Customers"
15182,155,2,622.85,1,"Dormant"
15184,30,2,406.76,2,"Active Customers"
15185,71,1,310.62,2,"Active Customers"
15186,15,2,411.41,2,"Active Customers"
15187,2,15,4762.18,3,"VIP Customers"
15189,2,30,16225.39,3,"VIP Customers"
15192,120,3,1044.32,2,"Active Customers"
15193,61,1,499.32,2,"Active Customers"
15194,4,15,7616.53,3,"VIP Customers"
15195,3,1,3861,2,"Active Customers"
15197,11,3,1079.61,2,"Active Customers"
15198,93,2,193.64,2,"Active Customers"
15199,60,4,1268.7,2,"Active Customers"
15201,88,5,1236.54,2,"Active Customers"
15203,26,6,1827.8,2,"Active Customers"
15204,358,1,316.58,1,"Dormant"
15205,86,2,653.24,2,"Active Customers"
15206,11,4,420.3,2,"Active Customers"
15208,2,5,870.12,2,"Active Customers"
15210,226,1,331.18,1,"Dormant"
15211,61,2,894.41,2,"Active Customers"
15212,242,1,101.8,1,"Dormant"
15213,319,2,328.35,1,"Dormant"
15214,2,8,1661.44,2,"Active Customers"
15215,47,3,734.94,2,"Active Customers"
15216,88,1,96.6,2,"Active Customers"
15218,11,11,5756.89,3,"VIP Customers"
15219,177,1,305.75,1,"Dormant"
15220,52,6,1778.96,2,"Active Customers"
15221,367,1,403.25,1,"Dormant"
15222,319,1,585,1,"Dormant"
15223,226,2,755.75,1,"Dormant"
15224,359,2,322.08,1,"Dormant"
15225,235,1,409.4,1,"Dormant"
15226,311,1,154.41,1,"Dormant"
15227,37,5,1219.4,2,"Active Customers"
15228,67,4,3386.71,2,"Active Customers"
15230,240,2,429.6,1,"Dormant"
15232,114,2,612.06,2,"Active Customers"
15234,277,1,197,1,"Dormant"
15235,218,12,2247.51,1,"Dormant"
15236,299,1,321.05,1,"Dormant"
15237,2,4,1412.32,2,"Active Customers"
15238,30,3,1071.99,2,"Active Customers"
15239,11,2,780.59,2,"Active Customers"
15240,45,5,1706.57,2,"Active Customers"
15241,67,8,1756.44,2,"Active Customers"
15243,75,1,316.68,2,"Active Customers"
15244,66,2,631.57,2,"Active Customers"
15245,135,3,2515.84,2,"Active Customers"
15246,239,2,514.15,1,"Dormant"
15247,123,1,356,2,"Active Customers"
15249,32,13,6688.46,3,"VIP Customers"
15251,10,11,10484.99,3,"VIP Customers"
15252,37,2,740.78,2,"Active Customers"
15253,17,5,918.2,2,"Active Customers"
15254,128,1,300.36,2,"Active Customers"
15255,67,1,890.85,2,"Active Customers"
15256,149,1,98.45,1,"Dormant"
15257,284,1,317.15,1,"Dormant"
15258,169,2,623.16,1,"Dormant"
15260,101,7,1810.77,2,"Active Customers"
15261,136,1,254.82,1,"Dormant"
15262,324,1,178.95,1,"Dormant"
15263,107,1,156.51,2,"Active Customers"
15264,65,1,393.74,2,"Active Customers"
15265,152,2,1506.12,1,"Dormant"
15266,339,1,119.3,1,"Dormant"
15267,23,5,1717.36,2,"Active Customers"
15269,24,1,408.8,2,"Active Customers"
15270,16,7,2379.49,2,"Active Customers"
15271,8,15,2507.07,2,"Active Customers"
15272,58,2,721.94,2,"Active Customers"
15274,5,2,716.57,2,"Active Customers"
15275,38,1,615.14,2,"Active Customers"
15276,67,1,135.31,2,"Active Customers"
15277,47,1,255.9,2,"Active Customers"
15279,355,1,290.51,1,"Dormant"
15280,173,1,113.12,1,"Dormant"
15281,59,9,2332.15,2,"Active Customers"
15286,50,1,240.55,2,"Active Customers"
15287,23,2,486.69,2,"Active Customers"
15288,44,5,2306.52,2,"Active Customers"
15289,30,3,939.78,2,"Active Customers"
15290,5,18,7943.22,3,"VIP Customers"
15291,26,14,4623.3,3,"VIP Customers"
15292,202,1,180.94,1,"Dormant"
15296,51,6,3672.86,2,"Active Customers"
15297,11,3,641.94,2,"Active Customers"
15298,3,12,4799.9,2,"Active Customers"
15299,68,6,3907.01,2,"Active Customers"
15300,65,1,496.44,2,"Active Customers"
15301,51,12,5070.35,3,"VIP Customers"
15303,291,1,574.02,1,"Dormant"
15304,61,8,694.4,2,"Active Customers"
15306,65,3,1174.35,2,"Active Customers"
15307,96,1,205.3,2,"Active Customers"
15308,275,1,310.47,1,"Dormant"
15311,2,30,18715.313,3,"VIP Customers"
15312,76,4,924.85,2,"Active Customers"
15313,111,1,52.2,2,"Active Customers"
15314,200,1,327.97,1,"Dormant"
15315,65,2,570.5,2,"Active Customers"
15316,327,1,165,1,"Dormant"
15318,4,1,312.62,2,"Active Customers"
15319,284,1,204.5,1,"Dormant"
15320,45,1,267.13,2,"Active Customers"
15321,71,3,2748.31,2,"Active Customers"
15322,86,1,679.68,2,"Active Customers"
15325,104,1,162.29,2,"Active Customers"
15326,334,1,311.71,1,"Dormant"
15327,53,1,208.75,2,"Active Customers"
15329,40,3,1049.7,2,"Active Customers"
15330,33,2,714.96,2,"Active Customers"
15332,367,4,1661.06,1,"Dormant"
15333,209,1,1028.56,1,"Dormant"
15334,157,3,348.72,1,"Dormant"
15335,54,1,173.97,2,"Active Customers"
15339,67,2,574.07,2,"Active Customers"
15341,81,1,2020.52,2,"Active Customers"
15342,130,1,406.09,2,"Active Customers"
15343,88,1,364.5,2,"Active Customers"
15344,2,3,563.94,2,"Active Customers"
15345,46,1,393.54,2,"Active Customers"
15346,333,1,252.42,1,"Dormant"
15347,367,1,201.6,1,"Dormant"
15348,73,1,158.04,2,"Active Customers"
15349,159,2,473.81,1,"Dormant"
15350,369,1,115.65,1,"Dormant"
15351,13,7,1960.11,2,"Active Customers"
15353,255,2,777.02,1,"Dormant"
15355,30,2,277.05,2,"Active Customers"
15356,32,10,2766.5,2,"Active Customers"
15358,5,22,8347.2,3,"VIP Customers"
15360,40,1,427.93,2,"Active Customers"
15361,362,1,418.92,1,"Dormant"
15363,369,1,326,1,"Dormant"
15364,96,2,913.19,2,"Active Customers"
15365,26,7,2314.32,2,"Active Customers"
15366,76,2,602.51,2,"Active Customers"
15367,58,4,1877.59,2,"Active Customers"
15368,22,1,446.94,2,"Active Customers"
15370,41,7,2386.05,2,"Active Customers"
15372,138,1,2007.4,2,"Active Customers"
15373,9,12,2415.91,2,"Active Customers"
15374,129,1,168,2,"Active Customers"
15376,41,3,1233.36,2,"Active Customers"
15379,170,7,3703.29,2,"Active Customers"
15380,9,5,1690.26,2,"Active Customers"
15381,214,2,596.85,1,"Dormant"
15382,15,6,5955.71,2,"Active Customers"
15384,170,2,642.41,1,"Dormant"
15385,41,1,316.88,2,"Active Customers"
15386,187,1,394.14,1,"Dormant"
15388,271,1,140.54,1,"Dormant"
15389,173,1,500,1,"Dormant"
15392,5,4,1535.53,2,"Active Customers"
15393,17,2,231.86,2,"Active Customers"
15394,10,4,2183.54,2,"Active Customers"
15395,326,1,107.45,1,"Dormant"
15396,113,1,288.18,2,"Active Customers"
15397,290,1,94,1,"Dormant"
15398,17,2,1345.53,2,"Active Customers"
15399,2,3,815.77,2,"Active Customers"
15400,93,5,716.2,2,"Active Customers"
15402,149,2,626.35,1,"Dormant"
15405,190,1,349.1,1,"Dormant"
15406,32,2,510.71,2,"Active Customers"
15407,34,4,1056.44,2,"Active Customers"
15408,265,1,267.18,1,"Dormant"
15410,85,8,3450.84,2,"Active Customers"
15411,27,4,1358.88,2,"Active Customers"
15412,172,1,190.53,1,"Dormant"
15414,10,3,774.9,2,"Active Customers"
15415,314,1,572.81,1,"Dormant"
15416,65,4,3984.32,2,"Active Customers"
15417,86,1,508.8,2,"Active Customers"
15419,25,1,135.86,2,"Active Customers"
15421,59,4,950.36,2,"Active Customers"
15422,324,2,97.7,1,"Dormant"
15423,39,1,52.2,2,"Active Customers"
15424,255,2,383.34,1,"Dormant"
15426,20,5,1447.39,2,"Active Customers"
15427,34,3,1483.14,2,"Active Customers"
15428,16,1,93.78,2,"Active Customers"
15429,27,2,397.35,2,"Active Customers"
15432,24,1,171.19,2,"Active Customers"
15433,214,2,533.3,1,"Dormant"
15434,9,5,1041.48,2,"Active Customers"
15435,23,1,149.29,2,"Active Customers"
15436,13,3,1122.53,2,"Active Customers"
15437,263,1,200.16,1,"Dormant"
15438,132,1,156.58,2,"Active Customers"
15440,55,3,383.68,2,"Active Customers"
15442,249,1,594,1,"Dormant"
15443,2,7,3236.91,2,"Active Customers"
15444,10,2,1418.26,2,"Active Customers"
15445,265,1,113.5,1,"Dormant"
15447,331,1,155.17,1,"Dormant"
15448,313,1,494.64,1,"Dormant"
15449,27,3,974.52,2,"Active Customers"
15450,31,1,429.84,2,"Active Customers"
15452,30,3,538.73,2,"Active Customers"
15453,2,7,1388.37,2,"Active Customers"
15454,363,1,179.1,1,"Dormant"
15456,284,3,447.22,1,"Dormant"
15457,263,1,237.07,1,"Dormant"
15458,26,1,161.64,2,"Active Customers"
15460,355,1,216.76,1,"Dormant"
15462,95,3,234.6,2,"Active Customers"
15463,30,1,126.14,2,"Active Customers"
15464,339,1,1048.85,1,"Dormant"
15465,20,18,7354.62,3,"VIP Customers"
15466,86,1,334.53,2,"Active Customers"
15467,10,3,524.88,2,"Active Customers"
15468,52,2,467.51,2,"Active Customers"
15469,51,2,538.55,2,"Active Customers"
15471,3,1,469.48,2,"Active Customers"
15472,114,1,371.56,2,"Active Customers"
15473,15,7,1771.2,2,"Active Customers"
15475,78,1,454.11,2,"Active Customers"
15478,41,2,1441.42,2,"Active Customers"
15480,117,1,905.5,2,"Active Customers"
15482,16,11,11014.96,3,"VIP Customers"
15483,162,4,233.81,1,"Dormant"
15484,2,4,3594.31,2,"Active Customers"
15485,31,3,2575,2,"Active Customers"
15488,93,1,91.32,2,"Active Customers"
15489,23,3,1134.28,2,"Active Customers"
15491,96,6,3100.09,2,"Active Customers"
15492,29,2,659.46,2,"Active Customers"
15493,33,5,2001.8,2,"Active Customers"
15494,22,2,1299.23,2,"Active Customers"
15497,18,2,1262.2,2,"Active Customers"
15498,3,27,13316.4,3,"VIP Customers"
15500,9,4,1131.56,2,"Active Customers"
15502,16,10,6923.98,3,"VIP Customers"
15503,363,1,147.09,1,"Dormant"
15504,82,1,52.83,2,"Active Customers"
15505,53,5,3610.96,2,"Active Customers"
15506,23,3,979.26,2,"Active Customers"
15507,172,1,492.36,1,"Dormant"
15508,190,6,1000.27,1,"Dormant"
15510,331,1,250,1,"Dormant"
15511,12,5,909.23,2,"Active Customers"
15512,156,2,121,1,"Dormant"
15513,34,19,14758.22,3,"VIP Customers"
15514,13,11,4139.46,2,"Active Customers"
15516,45,3,62.43,2,"Active Customers"
15517,234,1,267.03,1,"Dormant"
15518,65,8,1942.45,2,"Active Customers"
15520,2,1,343.5,2,"Active Customers"
15521,41,8,3000.2,2,"Active Customers"
15522,33,2,398.84,2,"Active Customers"
15523,85,1,412.01,2,"Active Customers"
15524,25,1,440,2,"Active Customers"
15525,3,3,823.42,2,"Active Customers"
15526,34,2,148.44,2,"Active Customers"
15527,19,8,2429.78,2,"Active Customers"
15528,255,1,229.33,1,"Dormant"
15529,23,11,3992.68,2,"Active Customers"
15530,22,4,1502.35,2,"Active Customers"
15531,9,2,2007.44,2,"Active Customers"
15532,26,4,1571.03,2,"Active Customers"
15533,20,3,807.57,2,"Active Customers"
15535,174,4,536.4,1,"Dormant"
15537,164,1,110.92,1,"Dormant"
15539,8,1,538.46,2,"Active Customers"
15540,12,1,213.3,2,"Active Customers"
15541,115,1,85.13,2,"Active Customers"
15543,289,1,127.86,1,"Dormant"
15544,10,9,3546.71,2,"Active Customers"
15545,55,2,292.72,2,"Active Customers"
15547,8,14,4954.84,3,"VIP Customers"
15549,78,3,1689.51,2,"Active Customers"
15550,5,4,575.63,2,"Active Customers"
15551,37,1,436.06,2,"Active Customers"
15552,218,1,90.12,1,"Dormant"
15553,61,1,437.23,2,"Active Customers"
15554,278,1,217.2,1,"Dormant"
15555,13,16,4802.18,3,"VIP Customers"
15556,25,1,279.77,2,"Active Customers"
15557,29,1,473.65,2,"Active Customers"
15561,12,4,800.59,2,"Active Customers"
15562,352,1,134.55,1,"Dormant"
15563,23,3,1361.44,2,"Active Customers"
15565,51,2,173.16,2,"Active Customers"
15567,19,1,186.01,2,"Active Customers"
15568,3,3,758.29,2,"Active Customers"
15569,104,5,1375.71,2,"Active Customers"
15570,8,12,4165.52,2,"Active Customers"
15571,12,4,650.43,2,"Active Customers"
15572,5,7,2552.86,2,"Active Customers"
15573,32,2,599.5,2,"Active Customers"
15574,178,4,702.25,1,"Dormant"
15576,38,1,940.67,2,"Active Customers"
15577,152,3,258.88,1,"Dormant"
15578,163,1,127.1,1,"Dormant"
15579,69,2,348.6,2,"Active Customers"
15581,157,10,721.63,2,"Active Customers"
15582,25,3,682.91,2,"Active Customers"
15584,24,4,725.11,2,"Active Customers"
15585,177,1,455.3,1,"Dormant"
15587,51,4,913.68,2,"Active Customers"
15589,256,3,478.53,1,"Dormant"
15592,47,1,388.58,2,"Active Customers"
15593,71,1,199.8,2,"Active Customers"
15594,16,5,1771.78,2,"Active Customers"
15596,101,5,1406.59,2,"Active Customers"
15597,36,1,324.57,2,"Active Customers"
15598,54,1,240.68,2,"Active Customers"
15599,27,2,761.74,2,"Active Customers"
15601,12,14,6776.56,3,"VIP Customers"
15602,9,9,1297.87,2,"Active Customers"
15603,79,1,52.2,2,"Active Customers"
15604,53,1,216.39,2,"Active Customers"
15605,37,5,1198.23,2,"Active Customers"
15606,62,9,2920.16,2,"Active Customers"
15607,337,1,104.76,1,"Dormant"
15608,29,4,1093.68,2,"Active Customers"
15609,185,1,298.48,1,"Dormant"
15610,52,1,112.46,2,"Active Customers"
15611,10,11,1570.45,2,"Active Customers"
15612,37,2,195.15,2,"Active Customers"
15615,11,23,10399.74,3,"VIP Customers"
15618,33,4,776.85,2,"Active Customers"
15619,11,1,336.4,2,"Active Customers"
15620,57,3,1553.18,2,"Active Customers"
15621,5,4,1293.03,2,"Active Customers"
15622,44,9,3709.56,2,"Active Customers"
15623,142,1,301.03,1,"Dormant"
15624,117,4,588.13,2,"Active Customers"
15625,104,4,1534.26,2,"Active Customers"
15626,75,2,675.8,2,"Active Customers"
15628,5,9,2870.24,2,"Active Customers"
15630,46,2,1186.35,2,"Active Customers"
15632,16,8,3285.31,2,"Active Customers"
15634,18,1,243.55,2,"Active Customers"
15636,90,2,724.76,2,"Active Customers"
15637,53,1,223.36,2,"Active Customers"
15639,135,1,425.32,2,"Active Customers"
15640,5,15,12515.66,3,"VIP Customers"
15641,106,4,1887.2,2,"Active Customers"
15643,192,3,664,1,"Dormant"
15644,167,4,813,1,"Dormant"
15645,19,1,611.59,2,"Active Customers"
15646,158,3,447.64,1,"Dormant"
15648,205,2,657.35,1,"Dormant"
15649,337,2,816,1,"Dormant"
15651,37,3,646.3,2,"Active Customers"
15652,92,1,337.74,2,"Active Customers"
15653,93,2,877.44,2,"Active Customers"
15654,10,2,922.53,2,"Active Customers"
15655,244,1,560.67,1,"Dormant"
15656,46,4,748.5,2,"Active Customers"
15657,23,1,52.2,2,"Active Customers"
15658,191,5,1024.1,1,"Dormant"
15659,44,1,306.45,2,"Active Customers"
15660,26,9,1600.86,2,"Active Customers"
15661,318,2,309.8,1,"Dormant"
15663,107,1,138.14,2,"Active Customers"
15664,51,1,386.43,2,"Active Customers"
15665,169,2,2242.01,1,"Dormant"
15667,40,1,301.32,2,"Active Customers"
15668,218,1,76.32,1,"Dormant"
15669,41,4,684.34,2,"Active Customers"
15670,297,1,173.05,1,"Dormant"
15671,19,7,2657.13,2,"Active Customers"
15673,89,4,2881.02,2,"Active Customers"
15674,74,4,2111.89,2,"Active Customers"
15675,82,3,323.69,2,"Active Customers"
15676,19,3,3435.76,2,"Active Customers"
15677,50,1,657.23,2,"Active Customers"
15678,53,1,352.7,2,"Active Customers"
15679,25,4,781.28,2,"Active Customers"
15680,10,3,1333.68,2,"Active Customers"
15681,26,5,1426.16,2,"Active Customers"
15683,118,1,193.75,2,"Active Customers"
15687,9,9,2993.1,2,"Active Customers"
15689,120,2,254.1,2,"Active Customers"
15690,5,2,239.76,2,"Active Customers"
15691,253,1,136.8,1,"Dormant"
15692,29,1,191.04,2,"Active Customers"
15694,2,13,6464.4,3,"VIP Customers"
15695,267,2,409.98,1,"Dormant"
15696,34,8,2736.46,2,"Active Customers"
15699,18,1,309.65,2,"Active Customers"
15700,173,2,696.68,1,"Dormant"
15701,3,4,1542.14,2,"Active Customers"
15703,265,1,211.5,1,"Dormant"
15704,141,4,2293.62,2,"Active Customers"
15705,202,1,143.1,1,"Dormant"
15706,64,4,1060.56,2,"Active Customers"
15707,36,4,945.58,2,"Active Customers"
15708,41,7,3364.24,2,"Active Customers"
15709,284,1,133.25,1,"Dormant"
15712,10,5,1072.36,2,"Active Customers"
15713,144,2,356.7,1,"Dormant"
15714,12,2,330.88,2,"Active Customers"
15716,146,4,1118.81,2,"Active Customers"
15717,235,1,150.3,1,"Dormant"
15719,33,13,5043.96,3,"VIP Customers"
15720,25,1,598.73,2,"Active Customers"
15721,12,1,507.08,2,"Active Customers"
15722,36,5,2222.56,2,"Active Customers"
15723,365,1,203.1,1,"Dormant"
15724,202,2,218.25,1,"Dormant"
15725,16,1,415.25,2,"Active Customers"
15727,17,7,5178.96,2,"Active Customers"
15729,213,1,85,1,"Dormant"
15730,66,3,1120.88,2,"Active Customers"
15732,213,2,294.12,1,"Dormant"
15733,283,1,162.3,1,"Dormant"
15734,115,2,1339.45,2,"Active Customers"
15737,15,8,1205.12,2,"Active Customers"
15738,19,16,4812.42,3,"VIP Customers"
15739,67,1,449.12,2,"Active Customers"
15740,50,1,154.88,2,"Active Customers"
15743,17,4,784.46,2,"Active Customers"
15744,78,1,52.2,2,"Active Customers"
15745,20,4,1094.59,2,"Active Customers"
15746,135,1,196.88,2,"Active Customers"
15747,13,3,974.04,2,"Active Customers"
15748,41,1,149.31,2,"Active Customers"
15749,236,3,18715.313,3,"VIP Customers"
15750,3,8,2465.48,2,"Active Customers"
15752,40,7,2637.38,2,"Active Customers"
15753,305,1,79.2,1,"Dormant"
15754,52,3,458.57,2,"Active Customers"
15755,11,6,2364.25,2,"Active Customers"
15756,62,4,532.96,2,"Active Customers"
15757,66,2,714.42,2,"Active Customers"
15758,25,1,205.25,2,"Active Customers"
15759,219,3,253.04,1,"Dormant"
15762,66,2,583.75,2,"Active Customers"
15763,32,2,1086.92,2,"Active Customers"
15764,89,6,3279.97,2,"Active Customers"
15766,65,1,315.06,2,"Active Customers"
15768,116,3,621.83,2,"Active Customers"
15769,8,26,18715.313,3,"VIP Customers"
15773,6,1,635.68,2,"Active Customers"
15774,69,1,270.8,2,"Active Customers"
15775,246,1,104.9,1,"Dormant"
15776,134,1,241.62,2,"Active Customers"
15777,242,4,1047.11,1,"Dormant"
15780,184,3,475.28,1,"Dormant"
15781,26,3,345.46,2,"Active Customers"
15782,10,3,2614.74,2,"Active Customers"
15783,11,1,246.3,2,"Active Customers"
15785,33,5,2328.97,2,"Active Customers"
15786,47,3,4932.2,2,"Active Customers"
15787,27,3,948.05,2,"Active Customers"
15789,359,1,351.3,1,"Dormant"
15790,11,1,220.85,2,"Active Customers"
15791,44,2,1612.69,2,"Active Customers"
15793,15,3,965.61,2,"Active Customers"
15795,150,1,610.01,1,"Dormant"
15796,2,8,2710.56,2,"Active Customers"
15797,114,3,2192.4,2,"Active Customers"
15799,76,3,884.14,2,"Active Customers"
15800,108,2,699.08,2,"Active Customers"
15801,47,3,1063.95,2,"Active Customers"
15803,52,1,415.82,2,"Active Customers"
15804,2,13,4206.39,2,"Active Customers"
15805,24,17,5528.48,3,"VIP Customers"
15806,47,3,784.58,2,"Active Customers"
15807,51,3,903.9,2,"Active Customers"
15808,307,4,3734.97,1,"Dormant"
15809,37,5,515.77,2,"Active Customers"
15810,79,4,1391.98,2,"Active Customers"
15811,23,6,2218.62,2,"Active Customers"
15812,108,5,1801.14,2,"Active Customers"
15813,208,2,1303.91,1,"Dormant"
15814,17,4,1945.33,2,"Active Customers"
15815,64,5,2100.6,2,"Active Customers"
15819,50,4,1905.45,2,"Active Customers"
15820,320,1,206.98,1,"Dormant"
15821,45,2,570.96,2,"Active Customers"
15822,4,2,885.47,2,"Active Customers"
15825,173,1,532.94,1,"Dormant"
15826,57,3,1654.31,2,"Active Customers"
15827,74,14,1836.09,2,"Active Customers"
15829,100,2,636.14,2,"Active Customers"
15830,38,1,576,2,"Active Customers"
15831,59,3,801.76,2,"Active Customers"
15832,255,1,836.79,1,"Dormant"
15834,71,4,2231.25,2,"Active Customers"
15835,45,4,954.09,2,"Active Customers"
15836,51,1,137.37,2,"Active Customers"
15837,65,1,391.98,2,"Active Customers"
15838,12,19,18715.313,3,"VIP Customers"
15839,34,3,1048.49,2,"Active Customers"
15840,59,2,355.56,2,"Active Customers"
15841,73,4,1224.06,2,"Active Customers"
15843,304,1,118.95,1,"Dormant"
15844,47,1,130.74,2,"Active Customers"
15845,18,8,3711.77,2,"Active Customers"
15847,39,2,389.27,2,"Active Customers"
15850,20,2,238.85,2,"Active Customers"
15852,187,2,160.71,1,"Dormant"
15853,52,1,110.8,2,"Active Customers"
15854,5,12,2974.65,2,"Active Customers"
15855,137,5,712.24,2,"Active Customers"
15856,5,27,16386.31,3,"VIP Customers"
15857,19,1,297,2,"Active Customers"
15858,16,5,1438.85,2,"Active Customers"
15860,41,8,977.21,2,"Active Customers"
15861,13,8,3165.36,2,"Active Customers"
15862,9,4,832.88,2,"Active Customers"
15863,26,2,68.84,2,"Active Customers"
15864,23,6,1936.32,2,"Active Customers"
15865,41,3,895.13,2,"Active Customers"
15866,102,1,230.53,2,"Active Customers"
15867,6,15,3806.1,3,"VIP Customers"
15869,278,2,149.64,1,"Dormant"
15870,33,1,354.09,2,"Active Customers"
15872,15,2,360.93,2,"Active Customers"
15874,64,7,4405.88,2,"Active Customers"
15877,2,2,493.28,2,"Active Customers"
15880,369,1,343.28,1,"Dormant"
15881,313,5,501.39,1,"Dormant"
15882,199,4,514.08,1,"Dormant"
15883,3,2,396.48,2,"Active Customers"
15885,94,1,349.35,2,"Active Customers"
15886,61,1,181.09,2,"Active Customers"
15888,81,1,162.64,2,"Active Customers"
15889,157,2,427.57,1,"Dormant"
15891,227,1,521.97,1,"Dormant"
15894,254,2,262.9,1,"Dormant"
15895,150,1,179.17,1,"Dormant"
15897,195,2,222.05,1,"Dormant"
15898,2,5,1388.88,2,"Active Customers"
15899,369,1,56.25,1,"Dormant"
15900,24,1,351.11,2,"Active Customers"
15901,17,3,361.9,2,"Active Customers"
15903,10,7,5126.76,2,"Active Customers"
15904,9,1,164.68,2,"Active Customers"
15906,20,7,1567.69,2,"Active Customers"
15907,4,3,966.6,2,"Active Customers"
15909,174,1,191.94,1,"Dormant"
15910,2,8,1232.18,2,"Active Customers"
15912,179,2,264.62,1,"Dormant"
15916,17,8,1528.09,2,"Active Customers"
15917,248,1,123.1,1,"Dormant"
15918,191,2,334.23,1,"Dormant"
15919,20,2,639.89,2,"Active Customers"
15920,155,3,163.55,1,"Dormant"
15921,173,1,336.03,1,"Dormant"
15922,369,1,369.5,1,"Dormant"
15923,369,1,127.08,1,"Dormant"
15925,195,1,207.15,1,"Dormant"
15930,68,1,426.63,2,"Active Customers"
15932,5,8,2495.87,2,"Active Customers"
15933,22,3,1107.46,2,"Active Customers"
15935,240,1,108.04,1,"Dormant"
15937,65,1,145.35,2,"Active Customers"
15938,113,5,404.58,2,"Active Customers"
15939,90,14,6100.01,3,"VIP Customers"
15940,312,1,52.2,1,"Dormant"
15942,134,1,337.44,2,"Active Customers"
15944,277,1,325.1,1,"Dormant"
15945,366,1,181,1,"Dormant"
15947,83,1,1708.24,2,"Active Customers"
15948,9,2,955.24,2,"Active Customers"
15949,17,2,364.72,2,"Active Customers"
15950,32,4,1765.51,2,"Active Customers"
15951,9,2,708.22,2,"Active Customers"
15952,34,4,806.57,2,"Active Customers"
15953,16,8,1659.38,2,"Active Customers"
15955,25,14,4416.26,3,"VIP Customers"
15957,32,1,428.89,2,"Active Customers"
15958,75,1,104.35,2,"Active Customers"
15963,20,2,470.76,2,"Active Customers"
15965,18,4,845.64,2,"Active Customers"
15967,24,2,418.83,2,"Active Customers"
15969,3,3,666.1,2,"Active Customers"
15970,304,1,314.1,1,"Dormant"
15971,18,12,4194.9,2,"Active Customers"
15973,367,1,307.82,1,"Dormant"
15974,40,7,3442.15,2,"Active Customers"
15975,85,1,371.01,2,"Active Customers"
15976,166,2,430.94,1,"Dormant"
15977,18,2,1054.73,2,"Active Customers"
15978,78,1,1098.78,2,"Active Customers"
15980,89,3,2398.86,2,"Active Customers"
15981,25,8,3408.48,2,"Active Customers"
15983,23,4,1475.02,2,"Active Customers"
15984,3,10,2837.67,2,"Active Customers"
15985,124,2,1142.42,2,"Active Customers"
15986,31,1,168.12,2,"Active Customers"
15987,13,7,1451.28,2,"Active Customers"
15988,20,1,158.03,2,"Active Customers"
15990,45,2,792.11,2,"Active Customers"
15992,4,1,52.2,2,"Active Customers"
15993,9,7,2788.87,2,"Active Customers"
15994,55,1,427.07,2,"Active Customers"
15996,89,6,1060.68,2,"Active Customers"
15998,37,5,3089.97,2,"Active Customers"
16000,3,3,12393.7,3,"VIP Customers"
16003,30,5,2735.37,2,"Active Customers"
16005,13,4,615.39,2,"Active Customers"
16006,212,1,101.4,1,"Dormant"
16007,48,4,1701.94,2,"Active Customers"
16008,24,3,478.78,2,"Active Customers"
16009,23,4,992.71,2,"Active Customers"
16010,246,3,407.5,1,"Dormant"
16011,9,16,3362.71,3,"VIP Customers"
16012,36,3,1415.29,2,"Active Customers"
16013,4,30,18715.313,3,"VIP Customers"
16014,38,3,662.38,2,"Active Customers"
16015,4,3,705.1,2,"Active Customers"
16016,4,8,1508.76,2,"Active Customers"
16017,48,1,211.88,2,"Active Customers"
16018,40,2,408.9,2,"Active Customers"
16019,47,9,3786.24,2,"Active Customers"
16020,17,3,851.01,2,"Active Customers"
16022,261,1,628.28,1,"Dormant"
16023,47,3,719.81,2,"Active Customers"
16024,13,1,245.96,2,"Active Customers"
16025,30,1,439.66,2,"Active Customers"
16026,44,1,236.09,2,"Active Customers"
16027,92,6,934.62,2,"Active Customers"
16029,39,30,18715.313,3,"VIP Customers"
16030,310,1,331.24,1,"Dormant"
16031,93,2,548.94,2,"Active Customers"
16033,6,20,8816.4,3,"VIP Customers"
16034,197,3,437.7,1,"Dormant"
16036,88,2,758.92,2,"Active Customers"
16037,270,3,855.02,1,"Dormant"
16038,8,3,471.78,2,"Active Customers"
16040,66,3,1313.55,2,"Active Customers"
16041,31,3,3166.4,2,"Active Customers"
16042,23,5,1197.27,2,"Active Customers"
16043,38,4,773.99,2,"Active Customers"
16045,120,4,1340.7,2,"Active Customers"
16048,369,2,256.44,1,"Dormant"
16049,41,3,1111.79,2,"Active Customers"
16050,174,1,137.9,1,"Dormant"
16052,55,1,362.06,2,"Active Customers"
16053,33,2,1511.95,2,"Active Customers"
16054,146,1,783.9,1,"Dormant"
16055,221,1,134.8,1,"Dormant"
16056,46,1,664.85,2,"Active Customers"
16057,17,7,2263.12,2,"Active Customers"
16059,66,6,1459.86,2,"Active Customers"
16062,10,4,1153.62,2,"Active Customers"
16063,261,1,335.32,1,"Dormant"
16065,366,1,372.09,1,"Dormant"
16066,17,5,1521.87,2,"Active Customers"
16070,23,2,852.15,2,"Active Customers"
16071,45,1,326.24,2,"Active Customers"
16072,289,1,584.32,1,"Dormant"
16073,298,1,122.4,1,"Dormant"
16076,4,10,2234.73,2,"Active Customers"
16078,284,1,79.2,1,"Dormant"
16079,17,3,1352,2,"Active Customers"
16080,82,2,217.16,2,"Active Customers"
16081,57,5,2806.9,2,"Active Customers"
16083,101,2,1317.62,2,"Active Customers"
16084,300,1,436.18,1,"Dormant"
16085,24,5,981.51,2,"Active Customers"
16086,60,5,1121.39,2,"Active Customers"
16091,155,2,315.06,1,"Dormant"
16092,115,3,817.86,2,"Active Customers"
16093,107,1,52.2,2,"Active Customers"
16094,12,4,1078.23,2,"Active Customers"
16096,265,1,320.62,1,"Dormant"
16097,241,1,185.05,1,"Dormant"
16098,88,7,2005.63,2,"Active Customers"
16099,51,3,731.9,2,"Active Customers"
16101,71,1,1290.7,2,"Active Customers"
16102,43,3,1842.14,2,"Active Customers"
16103,8,6,1429.64,2,"Active Customers"
16104,62,1,302.36,2,"Active Customers"
16105,249,1,336.96,1,"Dormant"
16106,66,1,108.38,2,"Active Customers"
16107,18,7,3204.16,2,"Active Customers"
16108,85,1,842.5,2,"Active Customers"
16109,219,2,611.88,1,"Dormant"
16110,46,3,1337.48,2,"Active Customers"
16112,144,4,195.74,2,"Active Customers"
16113,184,1,161.38,1,"Dormant"
16114,171,1,135.75,1,"Dormant"
16115,10,8,1667.97,2,"Active Customers"
16116,212,1,612.78,1,"Dormant"
16117,190,1,232.21,1,"Dormant"
16119,9,2,423.36,2,"Active Customers"
16120,60,4,1309.14,2,"Active Customers"
16121,58,2,867.11,2,"Active Customers"
16122,74,4,684.42,2,"Active Customers"
16123,52,1,307.78,2,"Active Customers"
16124,318,1,249,1,"Dormant"
16125,368,1,289.35,1,"Dormant"
16126,30,4,6287.77,2,"Active Customers"
16127,40,1,656.25,2,"Active Customers"
16128,18,5,1880.22,2,"Active Customers"
16131,52,6,3506.54,2,"Active Customers"
16133,4,30,14589.04,3,"VIP Customers"
16134,22,2,618.09,2,"Active Customers"
16135,263,1,517.55,1,"Dormant"
16136,60,3,709.38,2,"Active Customers"
16139,19,3,635.41,2,"Active Customers"
16140,66,2,725.18,2,"Active Customers"
16141,89,1,620.4,2,"Active Customers"
16142,250,1,535.34,1,"Dormant"
16143,4,6,2424.94,2,"Active Customers"
16144,247,1,175.2,1,"Dormant"
16145,9,11,3799.49,2,"Active Customers"
16146,158,3,734.13,1,"Dormant"
16147,134,1,375,2,"Active Customers"
16148,297,1,76.32,1,"Dormant"
16149,5,2,280.52,2,"Active Customers"
16150,43,5,2053.02,2,"Active Customers"
16152,269,1,1829.04,1,"Dormant"
16153,50,5,1824.23,2,"Active Customers"
16156,9,9,3122.04,2,"Active Customers"
16157,16,3,656.69,2,"Active Customers"
16159,282,1,348.2,1,"Dormant"
16160,66,2,1025.44,2,"Active Customers"
16161,2,19,5575.56,3,"VIP Customers"
16162,253,1,52.2,1,"Dormant"
16163,233,2,856.6,1,"Dormant"
16164,18,3,822.48,2,"Active Customers"
16168,11,27,3787.6,3,"VIP Customers"
16169,9,4,1822.97,2,"Active Customers"
16170,51,6,1885.05,2,"Active Customers"
16171,60,1,73.2,2,"Active Customers"
16172,96,5,1140.21,2,"Active Customers"
16173,16,6,1418.32,2,"Active Customers"
16174,127,3,1009.55,2,"Active Customers"
16175,95,4,1037.59,2,"Active Customers"
16177,51,1,331.95,2,"Active Customers"
16178,139,1,197.9,1,"Dormant"
16179,61,1,215.83,2,"Active Customers"
16180,101,8,10254.18,3,"VIP Customers"
16181,74,1,305.54,2,"Active Customers"
16182,73,4,6617.65,2,"Active Customers"
16183,68,1,338.71,2,"Active Customers"
16184,65,6,1158.79,2,"Active Customers"
16185,17,2,529.41,2,"Active Customers"
16186,23,12,4006.94,2,"Active Customers"
16187,32,15,6911.44,3,"VIP Customers"
16188,45,4,981.86,2,"Active Customers"
16189,16,2,215.48,2,"Active Customers"
16190,41,1,215.08,2,"Active Customers"
16191,3,13,5180.52,3,"VIP Customers"
16193,237,1,314.45,1,"Dormant"
16198,76,1,400.68,2,"Active Customers"
16200,5,2,1080.62,2,"Active Customers"
16201,4,4,1863.47,2,"Active Customers"
16202,361,1,365.27,1,"Dormant"
16203,59,4,592.9,2,"Active Customers"
16204,24,1,405.71,2,"Active Customers"
16205,31,4,754.78,2,"Active Customers"
16206,55,4,537.06,2,"Active Customers"
16207,26,1,394.38,2,"Active Customers"
16208,45,2,664.26,2,"Active Customers"
16209,89,5,2262.62,2,"Active Customers"
16210,2,17,18715.313,3,"VIP Customers"
16211,89,1,547.02,2,"Active Customers"
16212,20,2,690.34,2,"Active Customers"
16213,79,1,159,2,"Active Customers"
16214,171,3,1062.75,1,"Dormant"
16215,81,1,242.35,2,"Active Customers"
16216,268,1,914.93,1,"Dormant"
16217,236,2,304.25,1,"Dormant"
16218,30,7,3084.68,2,"Active Customers"
16221,37,3,864.86,2,"Active Customers"
16222,319,1,846.72,1,"Dormant"
16224,58,4,1295.3,2,"Active Customers"
16225,45,5,1096.32,2,"Active Customers"
16226,204,3,255.12,1,"Dormant"
16227,226,1,314.22,1,"Dormant"
16229,88,2,1010.6,2,"Active Customers"
16230,190,2,542.03,1,"Dormant"
16232,44,4,990.88,2,"Active Customers"
16233,72,3,536.68,2,"Active Customers"
16235,41,4,857.31,2,"Active Customers"
16236,79,1,432.2,2,"Active Customers"
16239,57,2,414.2,2,"Active Customers"
16240,25,2,3718.8,2,"Active Customers"
16241,10,13,2607.87,2,"Active Customers"
16242,9,7,3603.21,2,"Active Customers"
16243,34,2,409.1,2,"Active Customers"
16244,212,2,1522.75,1,"Dormant"
16245,24,3,1413.66,2,"Active Customers"
16247,171,1,114.56,1,"Dormant"
16248,62,1,152.94,2,"Active Customers"
16249,53,5,1800.07,2,"Active Customers"
16250,262,2,389.44,1,"Dormant"
16253,67,2,3683.86,2,"Active Customers"
16255,17,8,2619.91,2,"Active Customers"
16256,267,1,752.43,1,"Dormant"
16257,177,1,52.2,1,"Dormant"
16258,46,5,5203.51,2,"Active Customers"
16260,51,1,1035.45,2,"Active Customers"
16261,18,4,746.83,2,"Active Customers"
16265,10,9,5347,2,"Active Customers"
16266,74,7,861.89,2,"Active Customers"
16268,72,2,617.65,2,"Active Customers"
16270,354,1,1141.24,1,"Dormant"
16271,16,4,1414.24,2,"Active Customers"
16272,117,1,411.7,2,"Active Customers"
16274,369,1,337.75,1,"Dormant"
16275,197,1,559.87,1,"Dormant"
16276,177,1,810.6,1,"Dormant"
16278,101,1,566.38,2,"Active Customers"
16279,22,3,1509.58,2,"Active Customers"
16281,73,1,2062.06,2,"Active Customers"
16282,340,1,168.3,1,"Dormant"
16283,6,5,1569.11,2,"Active Customers"
16284,32,2,823.97,2,"Active Customers"
16287,170,1,142.5,1,"Dormant"
16292,122,1,302.25,2,"Active Customers"
16293,22,10,2248.99,2,"Active Customers"
16295,10,4,1328.55,2,"Active Customers"
16297,269,1,301.9,1,"Dormant"
16298,23,3,598.2,2,"Active Customers"
16302,127,1,233.22,2,"Active Customers"
16303,26,3,5360.63,2,"Active Customers"
16305,139,1,361.22,1,"Dormant"
16306,214,6,632.27,1,"Dormant"
16308,38,4,2560,2,"Active Customers"
16309,107,2,706.57,2,"Active Customers"
16311,18,2,616.26,2,"Active Customers"
16313,4,2,274.15,2,"Active Customers"
16315,331,1,226.37,1,"Dormant"
16316,65,8,2938.91,2,"Active Customers"
16317,120,3,1341.65,2,"Active Customers"
16318,36,1,328.15,2,"Active Customers"
16319,218,1,404.4,1,"Dormant"
16320,173,2,1038.46,1,"Dormant"
16321,73,5,373.65,2,"Active Customers"
16322,2,2,326.75,2,"Active Customers"
16323,197,1,207.5,1,"Dormant"
16324,129,3,428.68,2,"Active Customers"
16325,47,3,594.24,2,"Active Customers"
16326,6,14,3110.96,2,"Active Customers"
16327,15,6,3813.62,2,"Active Customers"
16330,18,3,251.91,2,"Active Customers"
16332,29,7,1593.2,2,"Active Customers"
16333,8,22,18715.313,3,"VIP Customers"
16337,37,1,151.05,2,"Active Customers"
16338,158,1,214.8,1,"Dormant"
16339,285,1,109.95,1,"Dormant"
16340,108,1,549.07,2,"Active Customers"
16341,25,4,1971.87,2,"Active Customers"
16342,76,4,322.41,2,"Active Customers"
16343,17,2,370.48,2,"Active Customers"
16344,159,1,101.1,1,"Dormant"
16345,45,1,575.41,2,"Active Customers"
16347,12,2,887.65,2,"Active Customers"
16348,33,7,1467.11,2,"Active Customers"
16349,291,1,53.5,1,"Dormant"
16350,22,4,1116.47,2,"Active Customers"
16351,333,1,153.9,1,"Dormant"
16352,18,2,494.44,2,"Active Customers"
16353,4,23,6675.71,3,"VIP Customers"
16354,64,2,395.8,2,"Active Customers"
16356,198,3,211.77,1,"Dormant"
16357,34,3,658.88,2,"Active Customers"
16358,2,4,2027.5,2,"Active Customers"
16359,8,9,1750.92,2,"Active Customers"
16360,5,6,3512.53,2,"Active Customers"
16361,10,4,896.66,2,"Active Customers"
16362,33,5,734.77,2,"Active Customers"
16363,54,1,109.36,2,"Active Customers"
16364,12,2,707.04,2,"Active Customers"
16365,18,9,1540.42,2,"Active Customers"
16366,19,1,327.3,2,"Active Customers"
16367,38,2,804.49,2,"Active Customers"
16368,3,2,497.43,2,"Active Customers"
16369,19,3,1551.58,2,"Active Customers"
16370,83,4,1320.56,2,"Active Customers"
16372,34,2,367.93,2,"Active Customers"
16374,67,2,465.08,2,"Active Customers"
16376,9,2,987.01,2,"Active Customers"
16377,268,1,676.2,1,"Dormant"
16378,248,3,362.95,1,"Dormant"
16379,5,4,2157.4,2,"Active Customers"
16380,62,1,1780.59,2,"Active Customers"
16383,75,2,668.36,2,"Active Customers"
16384,90,2,584.5,2,"Active Customers"
16385,61,3,555.89,2,"Active Customers"
16386,29,2,317.2,2,"Active Customers"
16387,323,1,94.36,1,"Dormant"
16389,54,4,1382.07,2,"Active Customers"
16392,270,1,221.19,1,"Dormant"
16393,3,13,3046.21,2,"Active Customers"
16394,57,5,1555.34,2,"Active Customers"
16395,61,5,1486.9,2,"Active Customers"
16398,155,2,1705.8,1,"Dormant"
16399,20,2,406.77,2,"Active Customers"
16400,95,1,303.93,2,"Active Customers"
16401,2,12,4098.32,2,"Active Customers"
16402,265,2,299.6,1,"Dormant"
16403,313,1,177.5,1,"Dormant"
16404,71,1,443.05,2,"Active Customers"
16405,303,2,167.25,1,"Dormant"
16406,19,1,163.07,2,"Active Customers"
16407,13,10,2126.93,2,"Active Customers"
16409,37,5,2028.88,2,"Active Customers"
16411,20,2,214.65,2,"Active Customers"
16412,54,1,151.83,2,"Active Customers"
16413,57,1,262.2,2,"Active Customers"
16414,22,2,126.25,2,"Active Customers"
16415,45,1,210.35,2,"Active Customers"
16416,27,3,1051.4,2,"Active Customers"
16418,45,3,675.27,2,"Active Customers"
16419,113,6,972.23,2,"Active Customers"
16422,18,30,18715.313,3,"VIP Customers"
16423,25,1,346.12,2,"Active Customers"
16424,192,1,133.56,1,"Dormant"
16425,303,1,302.7,1,"Dormant"
16426,3,10,1908.25,2,"Active Customers"
16427,264,2,241.06,1,"Dormant"
16429,107,1,284.55,2,"Active Customers"
16430,58,1,300.85,2,"Active Customers"
16431,214,3,642.81,1,"Dormant"
16432,65,1,287.4,2,"Active Customers"
16433,29,1,184.26,2,"Active Customers"
16434,30,7,1522.25,2,"Active Customers"
16438,6,5,798.35,2,"Active Customers"
16440,8,5,3640.67,2,"Active Customers"
16441,68,2,381.2,2,"Active Customers"
16442,2,3,616.79,2,"Active Customers"
16444,47,4,654.67,2,"Active Customers"
16445,34,1,230.51,2,"Active Customers"
16446,2,2,18715.313,3,"VIP Customers"
16447,136,1,259.01,1,"Dormant"
16448,199,1,188.89,1,"Dormant"
16449,198,2,707.69,1,"Dormant"
16450,150,1,311.92,1,"Dormant"
16451,88,1,266.97,2,"Active Customers"
16454,65,1,52.2,2,"Active Customers"
16455,64,7,1841.18,2,"Active Customers"
16456,100,5,2158.37,2,"Active Customers"
16457,219,1,208.36,1,"Dormant"
16458,3,18,3482.74,3,"VIP Customers"
16460,29,3,814.72,2,"Active Customers"
16461,178,1,151.42,1,"Dormant"
16462,74,3,136,2,"Active Customers"
16463,22,4,1422.4,2,"Active Customers"
16464,20,3,1314.68,2,"Active Customers"
16466,34,7,1603.46,2,"Active Customers"
16468,75,1,74.9,2,"Active Customers"
16469,24,4,650.43,2,"Active Customers"
16470,52,4,762.39,2,"Active Customers"
16471,275,1,223.95,1,"Dormant"
16473,165,3,316.11,1,"Dormant"
16474,8,7,1871.34,2,"Active Customers"
16475,89,4,544.3,2,"Active Customers"
16477,64,7,2494.46,2,"Active Customers"
16478,26,3,331,2,"Active Customers"
16479,11,2,300.83,2,"Active Customers"
16480,76,1,769.29,2,"Active Customers"
16482,16,1,220.62,2,"Active Customers"
16483,193,1,139.35,1,"Dormant"
16484,174,2,404.3,1,"Dormant"
16485,78,1,363.65,2,"Active Customers"
16488,34,3,498.8,2,"Active Customers"
16491,47,1,731.5,2,"Active Customers"
16493,80,4,1351.63,2,"Active Customers"
16494,297,1,826.53,1,"Dormant"
16495,4,3,684.41,2,"Active Customers"
16496,9,3,1599.52,2,"Active Customers"
16497,50,6,2965.69,2,"Active Customers"
16498,162,2,100.97,1,"Dormant"
16499,361,2,365.45,1,"Dormant"
16500,5,6,400.86,2,"Active Customers"
16503,107,4,1431.93,2,"Active Customers"
16504,26,1,484.38,2,"Active Customers"
16505,32,1,777.6,2,"Active Customers"
16506,20,2,90.3,2,"Active Customers"
16509,297,1,363.7,1,"Dormant"
16510,369,1,248.1,1,"Dormant"
16511,22,3,948.26,2,"Active Customers"
16513,5,4,874.59,2,"Active Customers"
16515,53,5,1627.13,2,"Active Customers"
16516,31,1,101.7,2,"Active Customers"
16517,278,1,162.7,1,"Dormant"
16518,62,2,484.32,2,"Active Customers"
16519,26,2,212.98,2,"Active Customers"
16520,187,3,1046.57,1,"Dormant"
16523,2,21,9418.47,3,"VIP Customers"
16525,3,26,13027.45,3,"VIP Customers"
16526,172,1,290.36,1,"Dormant"
16527,82,1,228.06,2,"Active Customers"
16528,4,1,244.41,2,"Active Customers"
16529,191,1,455.25,1,"Dormant"
16531,23,7,1244.59,2,"Active Customers"
16532,18,3,6748.8,2,"Active Customers"
16533,20,3,1095.56,2,"Active Customers"
16535,6,1,593.75,2,"Active Customers"
16536,111,1,548.97,2,"Active Customers"
16539,3,4,1388.81,2,"Active Customers"
16542,54,1,119.62,2,"Active Customers"
16545,165,1,339.3,1,"Dormant"
16546,291,2,787.15,1,"Dormant"
16549,11,10,4154.64,2,"Active Customers"
16550,109,5,2298.97,2,"Active Customers"
16551,96,3,922.12,2,"Active Customers"
16552,243,2,379.73,1,"Dormant"
16553,164,12,5719.82,3,"VIP Customers"
16554,43,3,837.1,2,"Active Customers"
16555,36,2,285.89,2,"Active Customers"
16556,67,7,3313.79,2,"Active Customers"
16557,25,2,281.85,2,"Active Customers"
16558,2,20,8338.49,3,"VIP Customers"
16560,27,2,841.41,2,"Active Customers"
16561,6,2,511.12,2,"Active Customers"
16563,54,1,1077.74,2,"Active Customers"
16565,365,1,173.7,1,"Dormant"
16566,16,5,614.66,2,"Active Customers"
16567,195,2,865.6,1,"Dormant"
16569,4,1,124.2,2,"Active Customers"
16570,16,10,3738.4,2,"Active Customers"
16571,27,3,1421.69,2,"Active Customers"
16572,128,3,1009.6,2,"Active Customers"
16573,85,2,663.61,2,"Active Customers"
16574,72,1,451.44,2,"Active Customers"
16581,183,1,105.84,1,"Dormant"
16582,114,1,313.62,2,"Active Customers"
16583,369,1,233.45,1,"Dormant"
16584,81,2,936.08,2,"Active Customers"
16586,249,1,463.95,1,"Dormant"
16587,233,1,225.15,1,"Dormant"
16589,72,3,459.24,2,"Active Customers"
16591,69,1,213.5,2,"Active Customers"
16592,5,16,4113.68,3,"VIP Customers"
16593,51,3,330.03,2,"Active Customers"
16594,76,1,181.09,2,"Active Customers"
16595,62,1,360.16,2,"Active Customers"
16596,16,2,250.15,2,"Active Customers"
16597,5,1,90.04,2,"Active Customers"
16598,286,1,145.05,1,"Dormant"
16600,5,6,813.52,2,"Active Customers"
16601,41,1,243.63,2,"Active Customers"
16602,37,1,528.08,2,"Active Customers"
16603,75,2,482.47,2,"Active Customers"
16607,18,14,3347.71,2,"Active Customers"
16609,16,7,5493.46,2,"Active Customers"
16610,220,1,75.66,1,"Dormant"
16611,187,1,129.49,1,"Dormant"
16612,33,4,1187.66,2,"Active Customers"
16613,71,1,618.59,2,"Active Customers"
16614,183,1,506.19,1,"Dormant"
16616,16,2,500.42,2,"Active Customers"
16617,236,1,151.85,1,"Dormant"
16618,32,5,2647.59,2,"Active Customers"
16619,264,1,226.21,1,"Dormant"
16620,4,2,178.96,2,"Active Customers"
16621,52,4,813.48,2,"Active Customers"
16623,246,1,129.45,1,"Dormant"
16624,81,2,810.57,2,"Active Customers"
16625,275,1,333.08,1,"Dormant"
16626,2,17,4413.1,3,"VIP Customers"
16627,80,1,322.8,2,"Active Customers"
16628,30,5,2188.05,2,"Active Customers"
16629,74,2,417.73,2,"Active Customers"
16633,18,6,2883.1,2,"Active Customers"
16634,223,2,217.9,1,"Dormant"
16637,33,4,1154.47,2,"Active Customers"
16638,23,10,1680.72,2,"Active Customers"
16639,32,3,1257.51,2,"Active Customers"
16641,106,1,231.1,2,"Active Customers"
16642,5,2,688.33,2,"Active Customers"
16643,246,1,487.51,1,"Dormant"
16644,178,2,833.78,1,"Dormant"
16647,170,2,214.06,1,"Dormant"
16648,43,1,290.66,2,"Active Customers"
16650,72,1,518.42,2,"Active Customers"
16652,59,7,6773.97,2,"Active Customers"
16653,17,2,1212.66,2,"Active Customers"
16654,142,4,601.27,2,"Active Customers"
16655,18,6,3794.52,2,"Active Customers"
16656,23,15,8625.8,3,"VIP Customers"
16657,10,4,933.62,2,"Active Customers"
16658,369,1,123.24,1,"Dormant"
16659,190,1,52.2,1,"Dormant"
16660,17,4,1267.65,2,"Active Customers"
16665,363,1,135.4,1,"Dormant"
16666,20,1,118.98,2,"Active Customers"
16667,69,2,570.13,2,"Active Customers"
16668,16,6,306.72,2,"Active Customers"
16669,24,2,1370.47,2,"Active Customers"
16670,17,11,4095.9,2,"Active Customers"
16671,29,3,1692.27,2,"Active Customers"
16672,3,20,8134.94,3,"VIP Customers"
16674,55,2,319.61,2,"Active Customers"
16676,34,4,1592.12,2,"Active Customers"
16678,3,12,3109.99,2,"Active Customers"
16679,367,1,129.75,1,"Dormant"
16680,44,1,183.7,2,"Active Customers"
16681,73,6,1770.34,2,"Active Customers"
16682,5,5,1028,2,"Active Customers"
16684,5,28,18715.313,3,"VIP Customers"
16685,62,2,324.24,2,"Active Customers"
16686,48,7,3062.83,2,"Active Customers"
16688,2,4,1260.86,2,"Active Customers"
16689,76,2,422.6,2,"Active Customers"
16690,73,2,225.58,2,"Active Customers"
16692,257,2,1126,1,"Dormant"
16693,69,2,482.01,2,"Active Customers"
16696,136,4,657.9,2,"Active Customers"
16697,242,1,112.75,1,"Dormant"
16698,227,2,1998,1,"Dormant"
16700,9,13,5076.55,3,"VIP Customers"
16701,9,13,5398.3,3,"VIP Customers"
16705,2,20,14034.99,3,"VIP Customers"
16706,38,3,531.35,2,"Active Customers"
16708,46,1,656.63,2,"Active Customers"
16709,85,5,3029.87,2,"Active Customers"
16710,20,10,2483.04,2,"Active Customers"
16711,4,5,1651.03,2,"Active Customers"
16712,10,11,3637.78,2,"Active Customers"
16713,19,15,6923.13,3,"VIP Customers"
16714,318,2,1146.53,1,"Dormant"
16715,79,1,301.72,2,"Active Customers"
16716,267,2,901.2,1,"Dormant"
16717,24,6,3858.38,2,"Active Customers"
16718,369,1,623.75,1,"Dormant"
16719,15,7,1790.42,2,"Active Customers"
16720,27,1,155.24,2,"Active Customers"
16721,263,1,292.47,1,"Dormant"
16722,18,13,4730.81,3,"VIP Customers"
16723,92,2,589.15,2,"Active Customers"
16725,303,6,779.57,1,"Dormant"
16726,27,5,1382.02,2,"Active Customers"
16727,365,1,272.82,1,"Dormant"
16728,47,4,1054.67,2,"Active Customers"
16729,39,21,7236.6,3,"VIP Customers"
16730,53,3,743.11,2,"Active Customers"
16732,32,1,603.75,2,"Active Customers"
16734,53,3,650.51,2,"Active Customers"
16735,79,5,2300.56,2,"Active Customers"
16737,54,1,417.6,2,"Active Customers"
16738,298,1,52.2,1,"Dormant"
16739,177,1,323,1,"Dormant"
16743,30,7,2238.09,2,"Active Customers"
16744,12,7,1304.76,2,"Active Customers"
16745,87,17,7194.3,3,"VIP Customers"
16746,5,18,6697.66,3,"VIP Customers"
16747,38,2,836.06,2,"Active Customers"
16748,18,5,1515.9,2,"Active Customers"
16750,45,5,623.93,2,"Active Customers"
16751,31,1,1764.72,2,"Active Customers"
16752,369,1,207.5,1,"Dormant"
16753,59,1,223.92,2,"Active Customers"
16754,369,1,2002.4,1,"Dormant"
16755,115,3,1496.83,2,"Active Customers"
16756,215,1,239.4,1,"Dormant"
16757,319,1,106.83,1,"Dormant"
16758,66,1,369.34,2,"Active Customers"
16759,8,3,789.79,2,"Active Customers"
16761,97,1,316.62,2,"Active Customers"
16762,20,3,1501.38,2,"Active Customers"
16763,199,1,611.85,1,"Dormant"
16764,4,13,2799.25,2,"Active Customers"
16765,295,1,52.2,1,"Dormant"
16766,274,2,1145.6,1,"Dormant"
16767,31,11,5580.6,3,"VIP Customers"
16768,48,3,478.09,2,"Active Customers"
16769,261,1,380.39,1,"Dormant"
16770,58,5,770.1,2,"Active Customers"
16771,34,5,2234.81,2,"Active Customers"
16773,58,1,171.59,2,"Active Customers"
16774,68,4,661.52,2,"Active Customers"
16775,11,11,1695.66,2,"Active Customers"
16776,61,1,388.28,2,"Active Customers"
16777,81,2,226.35,2,"Active Customers"
16778,75,2,245.94,2,"Active Customers"
16779,3,22,10629.72,3,"VIP Customers"
16780,101,2,425.19,2,"Active Customers"
16781,369,1,311.25,1,"Dormant"
16782,11,13,2279.9,2,"Active Customers"
16784,20,1,107.6,2,"Active Customers"
16788,124,2,595.83,2,"Active Customers"
16789,9,1,80.8,2,"Active Customers"
16790,4,6,1545.62,2,"Active Customers"
16791,30,7,1709.03,2,"Active Customers"
16792,283,2,110.38,1,"Dormant"
16793,58,1,243.84,2,"Active Customers"
16794,2,10,1220.69,2,"Active Customers"
16795,366,1,414.88,1,"Dormant"
16796,90,1,305.62,2,"Active Customers"
16800,12,1,1201.49,2,"Active Customers"
16801,164,4,1619.73,1,"Dormant"
16803,66,1,332.3,2,"Active Customers"
16804,24,3,536.99,2,"Active Customers"
16805,174,2,460.59,1,"Dormant"
16806,104,4,775.54,2,"Active Customers"
16807,143,3,1121.59,2,"Active Customers"
16808,100,2,288.42,2,"Active Customers"
16809,24,5,914.69,2,"Active Customers"
16810,193,1,309.54,1,"Dormant"
16811,5,2,547.07,2,"Active Customers"
16812,361,1,479.35,1,"Dormant"
16813,9,10,1692.98,2,"Active Customers"
16814,15,21,6499.2,3,"VIP Customers"
16816,104,4,417.06,2,"Active Customers"
16817,3,9,1604.75,2,"Active Customers"
16818,11,11,3349.57,2,"Active Customers"
16820,96,1,497.61,2,"Active Customers"
16823,228,1,358.38,1,"Dormant"
16824,16,2,460.64,2,"Active Customers"
16825,39,2,775.18,2,"Active Customers"
16826,52,1,341.7,2,"Active Customers"
16828,113,1,113.5,2,"Active Customers"
16829,157,1,197.22,1,"Dormant"
16830,39,1,325.91,2,"Active Customers"
16832,185,3,199.15,1,"Dormant"
16833,2,4,1106.53,2,"Active Customers"
16834,228,1,413.46,1,"Dormant"
16835,129,2,180.85,2,"Active Customers"
16836,40,2,251.87,2,"Active Customers"
16837,32,11,3170.98,2,"Active Customers"
16838,198,2,588.85,1,"Dormant"
16839,9,30,16594.35,3,"VIP Customers"
16841,37,6,1869.82,2,"Active Customers"
16842,101,3,1264.19,2,"Active Customers"
16843,43,16,10196.57,3,"VIP Customers"
16846,51,1,214.32,2,"Active Customers"
16847,44,1,193.44,2,"Active Customers"
16848,53,1,281.42,2,"Active Customers"
16849,187,1,124.57,1,"Dormant"
16850,334,1,332.41,1,"Dormant"
16851,5,3,342.45,2,"Active Customers"
16852,11,2,144.91,2,"Active Customers"
16855,24,2,328.4,2,"Active Customers"
16856,15,1,52.2,2,"Active Customers"
16858,369,1,375.69,1,"Dormant"
16859,145,2,747.81,1,"Dormant"
16861,60,2,173.76,2,"Active Customers"
16863,32,2,502.8,2,"Active Customers"
16866,141,3,207.74,2,"Active Customers"
16869,23,4,825.42,2,"Active Customers"
16871,23,6,2812.34,2,"Active Customers"
16872,78,3,680.02,2,"Active Customers"
16873,5,6,7123.62,2,"Active Customers"
16875,68,5,2095.53,2,"Active Customers"
16877,13,6,853.72,2,"Active Customers"
16878,85,1,52.2,2,"Active Customers"
16880,31,7,1519.08,2,"Active Customers"
16881,67,1,432,2,"Active Customers"
16882,67,3,705.12,2,"Active Customers"
16883,188,2,276.73,1,"Dormant"
16884,38,2,429.84,2,"Active Customers"
16885,16,3,471.51,2,"Active Customers"
16887,36,1,194.88,2,"Active Customers"
16889,195,3,1578.67,1,"Dormant"
16891,2,5,809.7,2,"Active Customers"
16892,2,5,525.54,2,"Active Customers"
16893,367,1,145.93,1,"Dormant"
16895,65,1,219.14,2,"Active Customers"
16897,300,2,289.78,1,"Dormant"
16898,27,3,508.81,2,"Active Customers"
16899,8,6,1281.56,2,"Active Customers"
16900,17,3,882.16,2,"Active Customers"
16902,117,1,1706.88,2,"Active Customers"
16903,30,1,373.24,2,"Active Customers"
16904,5,15,3735.47,3,"VIP Customers"
16905,6,7,3102.43,2,"Active Customers"
16906,82,4,579.77,2,"Active Customers"
16907,30,5,981.65,2,"Active Customers"
16909,73,1,379.14,2,"Active Customers"
16910,5,8,1510.06,2,"Active Customers"
16912,29,11,2575.38,2,"Active Customers"
16913,291,1,113.44,1,"Dormant"
16914,37,1,208.46,2,"Active Customers"
16915,10,6,621.68,2,"Active Customers"
16916,24,2,576.26,2,"Active Customers"
16917,277,1,391.52,1,"Dormant"
16918,50,6,1068.82,2,"Active Customers"
16919,157,11,2596.45,2,"Active Customers"
16921,62,1,169.79,2,"Active Customers"
16923,13,19,7247.61,3,"VIP Customers"
16924,22,3,846.75,2,"Active Customers"
16926,369,1,230.25,1,"Dormant"
16927,116,3,543.05,2,"Active Customers"
16928,81,17,2839.65,3,"VIP Customers"
16929,4,7,1295.39,2,"Active Customers"
16930,27,3,380.55,2,"Active Customers"
16931,6,21,4604.22,3,"VIP Customers"
16932,54,1,161.94,2,"Active Customers"
16933,2,2,563.23,2,"Active Customers"
16934,55,2,950.93,2,"Active Customers"
16936,26,1,262.68,2,"Active Customers"
16938,9,4,2736.38,2,"Active Customers"
16940,53,3,3049.88,2,"Active Customers"
16942,13,9,1920.59,2,"Active Customers"
16943,212,3,816.73,1,"Dormant"
16945,22,19,4345.5,3,"VIP Customers"
16947,236,1,406.48,1,"Dormant"
16948,139,3,435.02,2,"Active Customers"
16949,4,6,1286.27,2,"Active Customers"
16950,57,3,1178.56,2,"Active Customers"
16951,135,3,1277.75,2,"Active Customers"
16952,110,2,167.61,2,"Active Customers"
16953,31,1,52.2,2,"Active Customers"
16954,2,9,2085.08,2,"Active Customers"
16955,185,4,518.67,1,"Dormant"
16956,18,1,308.74,2,"Active Customers"
16957,240,2,416.64,1,"Dormant"
16959,88,1,117.35,2,"Active Customers"
16960,39,3,505.1,2,"Active Customers"
16961,117,1,234.17,2,"Active Customers"
16963,188,1,110.55,1,"Dormant"
16965,227,1,192.07,1,"Dormant"
16966,9,7,2154.97,2,"Active Customers"
16967,190,1,319.02,1,"Dormant"
16968,5,2,439.43,2,"Active Customers"
16969,40,3,650.41,2,"Active Customers"
16971,39,1,357.21,2,"Active Customers"
16976,268,1,251.52,1,"Dormant"
16978,78,1,344.33,2,"Active Customers"
16979,4,6,1852,2,"Active Customers"
16980,256,2,1078.96,1,"Dormant"
16982,61,1,384.06,2,"Active Customers"
16983,13,7,1931.25,2,"Active Customers"
16984,89,2,4481.35,2,"Active Customers"
16985,18,10,5464.12,2,"Active Customers"
16986,30,2,1873.2,2,"Active Customers"
16987,4,7,1625.05,2,"Active Customers"
16988,6,1,126.12,2,"Active Customers"
16989,8,6,1133.25,2,"Active Customers"
16990,219,1,179,1,"Dormant"
16992,11,5,1614.31,2,"Active Customers"
16996,31,6,1456.96,2,"Active Customers"
16997,289,3,702,1,"Dormant"
16998,150,4,295,1,"Dormant"
16999,24,2,484.82,2,"Active Customers"
17001,2,11,3989.57,2,"Active Customers"
17002,86,3,1493.73,2,"Active Customers"
17004,47,2,1412.94,2,"Active Customers"
17006,5,4,781.78,2,"Active Customers"
17007,51,6,889.93,2,"Active Customers"
17010,19,1,195.36,2,"Active Customers"
17011,31,1,270.9,2,"Active Customers"
17014,9,3,586.33,2,"Active Customers"
17015,29,3,1842.56,2,"Active Customers"
17017,3,20,8694.26,3,"VIP Customers"
17018,41,2,920.1,2,"Active Customers"
17019,12,4,1272.61,2,"Active Customers"
17022,32,1,71,2,"Active Customers"
17024,46,3,95.85,2,"Active Customers"
17025,61,3,357.77,2,"Active Customers"
17026,186,2,154.83,1,"Dormant"
17027,79,6,890.29,2,"Active Customers"
17029,111,2,716,2,"Active Customers"
17030,64,1,146.87,2,"Active Customers"
17031,12,2,380.35,2,"Active Customers"
17033,87,3,1030.14,2,"Active Customers"
17034,17,3,745.52,2,"Active Customers"
17035,246,2,433.53,1,"Dormant"
17037,88,1,1267.32,2,"Active Customers"
17038,31,1,112.4,2,"Active Customers"
17040,138,1,449.73,1,"Dormant"
17041,27,3,1081.57,2,"Active Customers"
17042,3,5,1044.38,2,"Active Customers"
17043,33,4,1735.18,2,"Active Customers"
17044,26,1,948.48,2,"Active Customers"
17045,114,3,339.44,2,"Active Customers"
17046,158,1,642.02,1,"Dormant"
17047,86,3,1100.9,2,"Active Customers"
17048,118,3,925.35,2,"Active Customers"
17049,3,9,5659.98,2,"Active Customers"
17050,97,6,3228.84,2,"Active Customers"
17051,195,1,247.14,1,"Dormant"
17052,29,1,413.75,2,"Active Customers"
17053,131,1,498.48,2,"Active Customers"
17054,29,5,1356.33,2,"Active Customers"
17058,82,3,1179.89,2,"Active Customers"
17059,30,5,3095.04,2,"Active Customers"
17060,267,1,234.24,1,"Dormant"
17061,74,11,5232.23,2,"Active Customers"
17062,314,4,533.33,1,"Dormant"
17063,22,7,1461.14,2,"Active Customers"
17064,59,3,859.35,2,"Active Customers"
17068,13,21,4545.89,3,"VIP Customers"
17069,29,9,2709.7,2,"Active Customers"
17070,115,1,312.14,2,"Active Customers"
17071,29,9,2429.03,2,"Active Customers"
17073,18,4,1444.84,2,"Active Customers"
17075,18,4,834.12,2,"Active Customers"
17076,37,3,841.08,2,"Active Customers"
17078,37,2,375.86,2,"Active Customers"
17079,79,1,118.8,2,"Active Customers"
17080,23,2,287.62,2,"Active Customers"
17081,26,2,290.16,2,"Active Customers"
17082,34,2,2003.85,2,"Active Customers"
17083,110,3,1405.78,2,"Active Customers"
17084,36,2,2949.75,2,"Active Customers"
17085,124,5,1566.65,2,"Active Customers"
17086,8,6,2050.08,2,"Active Customers"
17088,29,4,1991.01,2,"Active Customers"
17090,5,7,2043.95,2,"Active Customers"
17091,3,9,3827.76,2,"Active Customers"
17092,51,4,1777.78,2,"Active Customers"
17094,323,1,302,1,"Dormant"
17095,23,3,1324.16,2,"Active Customers"
17096,16,4,1022.13,2,"Active Customers"
17097,3,8,954.42,2,"Active Customers"
17100,19,2,971.74,2,"Active Customers"
17101,11,4,1621.73,2,"Active Customers"
17102,262,1,52.2,1,"Dormant"
17105,160,2,665.78,1,"Dormant"
17107,34,6,10815.43,3,"VIP Customers"
17109,30,6,885.04,2,"Active Customers"
17110,166,1,163.3,1,"Dormant"
17111,48,1,248.61,2,"Active Customers"
17114,6,8,808.62,2,"Active Customers"
17115,9,3,837.5,2,"Active Customers"
17117,289,1,116.2,1,"Dormant"
17118,318,1,157.02,1,"Dormant"
17119,4,2,606.91,2,"Active Customers"
17120,234,1,307.46,1,"Dormant"
17122,120,1,138.32,2,"Active Customers"
17123,162,1,345.3,1,"Dormant"
17124,186,1,298.89,1,"Dormant"
17125,51,1,259.35,2,"Active Customers"
17126,153,5,1004.75,2,"Active Customers"
17128,335,1,157.09,1,"Dormant"
17131,6,5,2463.17,2,"Active Customers"
17133,16,7,4892.24,2,"Active Customers"
17134,107,2,425,2,"Active Customers"
17135,17,7,1139.73,2,"Active Customers"
17138,276,1,380.5,1,"Dormant"
17139,16,12,10668.47,3,"VIP Customers"
17140,248,1,465.32,1,"Dormant"
17142,240,1,579,1,"Dormant"
17144,2,2,984.57,2,"Active Customers"
17146,106,3,749.78,2,"Active Customers"
17147,23,4,1714.59,2,"Active Customers"
17148,52,1,124.88,2,"Active Customers"
17152,195,3,1689.5,1,"Dormant"
17153,25,1,213.78,2,"Active Customers"
17154,76,1,329.34,2,"Active Customers"
17155,18,2,251.7,2,"Active Customers"
17157,8,2,319,2,"Active Customers"
17158,33,3,1266.97,2,"Active Customers"
17159,22,3,1538.88,2,"Active Customers"
17160,32,6,3518.03,2,"Active Customers"
17162,29,10,1715.46,2,"Active Customers"
17163,22,2,293.1,2,"Active Customers"
17164,33,7,2467.35,2,"Active Customers"
17165,285,1,158.68,1,"Dormant"
17166,39,2,206.34,2,"Active Customers"
17169,58,2,835.78,2,"Active Customers"
17171,290,1,224.91,1,"Dormant"
17172,79,1,317.76,2,"Active Customers"
17173,6,8,3766.6,2,"Active Customers"
17174,218,1,59.9,1,"Dormant"
17175,45,4,1443.69,2,"Active Customers"
17176,202,1,306.13,1,"Dormant"
17179,179,3,711.79,1,"Dormant"
17180,57,4,796.03,2,"Active Customers"
17181,58,2,239.92,2,"Active Customers"
17183,8,6,3347.31,2,"Active Customers"
17186,47,2,144,2,"Active Customers"
17187,227,1,203.95,1,"Dormant"
17188,12,7,2474.23,2,"Active Customers"
17189,107,2,384.4,2,"Active Customers"
17190,59,2,444.74,2,"Active Customers"
17191,29,7,2095.13,2,"Active Customers"
17193,36,7,1699.3,2,"Active Customers"
17194,361,1,226.78,1,"Dormant"
17197,30,1,1013.01,2,"Active Customers"
17198,24,3,692.22,2,"Active Customers"
17201,54,1,342.63,2,"Active Customers"
17203,36,6,3563.85,2,"Active Customers"
17204,176,4,1564.56,1,"Dormant"
17205,54,1,384.08,2,"Active Customers"
17206,54,1,204.24,2,"Active Customers"
17211,27,8,2317.22,2,"Active Customers"
17212,254,1,226.85,1,"Dormant"
17213,41,7,2781.23,2,"Active Customers"
17214,61,6,1069.12,2,"Active Customers"
17217,235,1,113.5,1,"Dormant"
17218,5,10,1960.72,2,"Active Customers"
17219,32,1,114.23,2,"Active Customers"
17220,25,14,3198.25,2,"Active Customers"
17221,8,2,335.13,2,"Active Customers"
17222,66,1,354.15,2,"Active Customers"
17223,311,2,391.79,1,"Dormant"
17226,309,1,393.49,1,"Dormant"
17227,19,6,939.32,2,"Active Customers"
17228,16,8,1906.09,2,"Active Customers"
17229,97,2,318.76,2,"Active Customers"
17230,265,8,3638.41,1,"Dormant"
17231,13,10,3174.32,2,"Active Customers"
17232,3,2,421.52,2,"Active Customers"
17233,36,1,190.88,2,"Active Customers"
17234,183,1,149.89,1,"Dormant"
17235,26,2,550.06,2,"Active Customers"
17236,13,6,916.13,2,"Active Customers"
17237,12,2,314.69,2,"Active Customers"
17238,3,17,3744.65,3,"VIP Customers"
17239,313,1,382.5,1,"Dormant"
17242,109,2,1135.04,2,"Active Customers"
17243,2,26,8668.45,3,"VIP Customers"
17244,54,1,954.9,2,"Active Customers"
17245,205,1,171.45,1,"Dormant"
17247,16,1,282.19,2,"Active Customers"
17248,121,1,318.65,2,"Active Customers"
17250,4,2,384.52,2,"Active Customers"
17251,363,1,283.28,1,"Dormant"
17252,117,2,353.86,2,"Active Customers"
17253,19,1,178.26,2,"Active Customers"
17254,5,2,272.44,2,"Active Customers"
17255,41,2,298.41,2,"Active Customers"
17256,108,2,240,2,"Active Customers"
17259,149,2,603.37,1,"Dormant"
17262,53,5,1253.36,2,"Active Customers"
17263,209,1,63.44,1,"Dormant"
17265,139,2,562.9,2,"Active Customers"
17266,3,3,310.64,2,"Active Customers"
17267,128,2,317.62,2,"Active Customers"
17268,108,4,763.64,2,"Active Customers"
17272,43,4,2148.63,2,"Active Customers"
17274,36,1,111.98,2,"Active Customers"
17277,228,2,1065.35,1,"Dormant"
17278,242,1,246.04,1,"Dormant"
17279,58,1,187.83,2,"Active Customers"
17282,131,3,1703.41,2,"Active Customers"
17284,61,6,1652.58,2,"Active Customers"
17286,22,1,153.92,2,"Active Customers"
17287,27,7,1064.11,2,"Active Customers"
17288,10,7,1419.73,2,"Active Customers"
17289,32,3,944.41,2,"Active Customers"
17290,4,2,525.24,2,"Active Customers"
17291,309,1,550.8,1,"Dormant"
17293,9,9,1875.11,2,"Active Customers"
17295,29,3,556.95,2,"Active Customers"
17297,18,1,131.78,2,"Active Customers"
17298,102,2,498.42,2,"Active Customers"
17299,12,4,669.11,2,"Active Customers"
17301,22,1,197.63,2,"Active Customers"
17302,15,5,1135.63,2,"Active Customers"
17303,362,1,250.04,1,"Dormant"
17306,11,19,8631.31,3,"VIP Customers"
17309,96,1,82.75,2,"Active Customers"
17311,79,2,1384.85,2,"Active Customers"
17312,139,3,644.3,2,"Active Customers"
17313,32,1,2328.84,2,"Active Customers"
17314,25,8,2527.92,2,"Active Customers"
17315,2,30,6252.18,3,"VIP Customers"
17317,47,3,2600.34,2,"Active Customers"
17320,101,3,1200.62,2,"Active Customers"
17321,9,2,700.86,2,"Active Customers"
17323,16,7,917.67,2,"Active Customers"
17324,18,4,990.23,2,"Active Customers"
17325,281,1,96.8,1,"Dormant"
17329,15,2,523.11,2,"Active Customers"
17330,23,2,363.9,2,"Active Customers"
17331,124,1,175.2,2,"Active Customers"
17333,86,1,494.25,2,"Active Customers"
17334,303,2,307.02,1,"Dormant"
17337,152,4,2026.42,2,"Active Customers"
17338,18,8,6635.14,2,"Active Customers"
17339,95,2,243.36,2,"Active Customers"
17340,30,11,12353.29,3,"VIP Customers"
17341,157,3,781.36,1,"Dormant"
17343,356,1,193.64,1,"Dormant"
17344,47,1,160.57,2,"Active Customers"
17345,16,4,537.74,2,"Active Customers"
17346,4,15,2676.56,2,"Active Customers"
17347,87,1,228.96,2,"Active Customers"
17348,15,5,1159.52,2,"Active Customers"
17349,180,1,110.75,1,"Dormant"
17350,9,4,1286.07,2,"Active Customers"
17351,37,3,587.15,2,"Active Customers"
17353,130,2,1740,2,"Active Customers"
17354,51,1,1393.06,2,"Active Customers"
17356,312,1,178.22,1,"Dormant"
17357,25,2,388.14,2,"Active Customers"
17358,304,2,365.85,1,"Dormant"
17359,12,1,127.86,2,"Active Customers"
17360,18,3,585.79,2,"Active Customers"
17361,50,3,488.2,2,"Active Customers"
17362,240,2,312.23,1,"Dormant"
17364,2,11,4481.18,2,"Active Customers"
17365,13,8,4796.52,2,"Active Customers"
17367,239,1,168.4,1,"Dormant"
17368,24,8,1912.67,2,"Active Customers"
17370,73,4,446.18,2,"Active Customers"
17371,18,3,423.89,2,"Active Customers"
17372,41,8,1342.68,2,"Active Customers"
17373,41,4,646.92,2,"Active Customers"
17374,219,2,495.77,1,"Dormant"
17375,200,3,400.1,1,"Dormant"
17376,71,2,203.2,2,"Active Customers"
17377,24,20,4100.92,3,"VIP Customers"
17379,12,1,404.66,2,"Active Customers"
17381,9,29,18715.313,3,"VIP Customers"
17382,66,1,65.4,2,"Active Customers"
17383,5,1,199.29,2,"Active Customers"
17384,20,2,336.4,2,"Active Customers"
17385,15,1,261.11,2,"Active Customers"
17386,8,6,2686.42,2,"Active Customers"
17387,20,2,784.11,2,"Active Customers"
17388,78,4,1259.56,2,"Active Customers"
17389,2,30,18715.313,3,"VIP Customers"
17391,164,2,508.8,1,"Dormant"
17392,307,2,451.91,1,"Dormant"
17394,220,1,203.87,1,"Dormant"
17396,40,7,7312.8,2,"Active Customers"
17397,23,2,696.41,2,"Active Customers"
17398,115,3,653.38,2,"Active Customers"
17400,127,5,2129.96,2,"Active Customers"
17402,5,12,2598.85,2,"Active Customers"
17403,37,1,281.62,2,"Active Customers"
17404,5,13,18715.313,3,"VIP Customers"
17405,2,3,1031.41,2,"Active Customers"
17406,334,3,2200.42,1,"Dormant"
17408,164,1,52.2,1,"Dormant"
17409,185,2,771.85,1,"Dormant"
17410,17,5,1214.72,2,"Active Customers"
17411,13,3,778.94,2,"Active Customers"
17412,3,7,1258.06,2,"Active Customers"
17414,44,2,778,2,"Active Customers"
17415,80,1,507.84,2,"Active Customers"
17416,30,7,6893.42,2,"Active Customers"
17418,43,2,463.46,2,"Active Customers"
17419,12,12,4226.57,2,"Active Customers"
17420,51,3,598.83,2,"Active Customers"
17422,17,6,1979.37,2,"Active Customers"
17423,47,2,698.41,2,"Active Customers"
17425,20,2,759.17,2,"Active Customers"
17426,9,6,5037.26,2,"Active Customers"
17427,72,1,100.8,2,"Active Customers"
17428,2,28,17256.85,3,"VIP Customers"
17429,129,3,524.92,2,"Active Customers"
17430,33,2,265.76,2,"Active Customers"
17431,314,1,403.3,1,"Dormant"
17432,19,2,365.76,2,"Active Customers"
17433,89,1,303.16,2,"Active Customers"
17434,3,7,2373.82,2,"Active Customers"
17436,2,2,216.3,2,"Active Customers"
17438,254,1,388.45,1,"Dormant"
17440,157,3,186.42,1,"Dormant"
17442,37,6,2248.56,2,"Active Customers"
17443,220,1,534.24,1,"Dormant"
17444,152,2,2389.1,1,"Dormant"
17446,177,2,120.9,1,"Dormant"
17447,41,2,541.53,2,"Active Customers"
17449,3,7,2517.86,2,"Active Customers"
17450,9,30,18715.313,3,"VIP Customers"
17451,2,7,1721.4,2,"Active Customers"
17453,18,2,486.72,2,"Active Customers"
17454,193,4,517.53,1,"Dormant"
17455,204,1,131.7,1,"Dormant"
17456,366,1,249.86,1,"Dormant"
17457,127,5,1737.7,2,"Active Customers"
17458,16,1,316.5,2,"Active Customers"
17459,44,2,657.3,2,"Active Customers"
17460,95,6,622.43,2,"Active Customers"
17461,23,3,757.46,2,"Active Customers"
17462,61,2,675.69,2,"Active Customers"
17463,17,5,1896.41,2,"Active Customers"
17464,159,1,289.96,1,"Dormant"
17466,11,2,763.28,2,"Active Customers"
17468,11,2,137,2,"Active Customers"
17469,17,5,1870.97,2,"Active Customers"
17470,45,5,1125.07,2,"Active Customers"
17472,192,3,710.29,1,"Dormant"
17475,80,1,194.37,2,"Active Customers"
17480,78,1,511.82,2,"Active Customers"
17481,4,4,1255.59,2,"Active Customers"
17483,66,3,414.04,2,"Active Customers"
17486,262,1,396.87,1,"Dormant"
17489,59,2,376.64,2,"Active Customers"
17490,2,7,2092.32,2,"Active Customers"
17491,2,10,3558.87,2,"Active Customers"
17492,249,1,374.57,1,"Dormant"
17495,8,2,497.56,2,"Active Customers"
17496,359,1,271.05,1,"Dormant"
17498,76,1,272.22,2,"Active Customers"
17499,290,1,622.88,1,"Dormant"
17500,18,3,1138,2,"Active Customers"
17501,221,2,288.6,1,"Dormant"
17502,10,4,689.1,2,"Active Customers"
17503,3,2,558.96,2,"Active Customers"
17504,207,9,2997.03,1,"Dormant"
17505,162,2,1145.84,1,"Dormant"
17506,76,1,302.2,2,"Active Customers"
17507,262,2,605.58,1,"Dormant"
17508,281,1,387.31,1,"Dormant"
17509,58,8,6115.14,2,"Active Customers"
17510,25,1,308.48,2,"Active Customers"
17511,3,30,18715.313,3,"VIP Customers"
17512,29,10,2924.99,2,"Active Customers"
17513,73,1,513.2,2,"Active Customers"
17514,129,1,208.65,2,"Active Customers"
17515,32,4,639.02,2,"Active Customers"
17516,16,5,768.08,2,"Active Customers"
17517,309,1,153.94,1,"Dormant"
17519,18,6,1844.02,2,"Active Customers"
17520,54,1,546.81,2,"Active Customers"
17521,30,3,723.21,2,"Active Customers"
17522,2,5,1066.15,2,"Active Customers"
17523,12,4,652.74,2,"Active Customers"
17524,362,1,145,1,"Dormant"
17525,360,1,422.7,1,"Dormant"
17526,5,4,1195.9,2,"Active Customers"
17527,54,4,939.37,2,"Active Customers"
17528,2,8,3628.5,2,"Active Customers"
17530,2,10,2380.41,2,"Active Customers"
17531,191,1,296.7,1,"Dormant"
17534,54,1,223.36,2,"Active Customers"
17535,281,1,164.4,1,"Dormant"
17536,178,1,76.5,1,"Dormant"
17537,30,2,897.62,2,"Active Customers"
17538,26,1,98.42,2,"Active Customers"
17540,25,2,578.9,2,"Active Customers"
17542,270,1,170.75,1,"Dormant"
17545,44,3,645.96,2,"Active Customers"
17548,234,1,103.3,1,"Dormant"
17549,24,2,148.86,2,"Active Customers"
17550,198,3,267.16,1,"Dormant"
17551,360,1,306.84,1,"Dormant"
17552,61,4,930.41,2,"Active Customers"
17553,130,1,1487.6,2,"Active Customers"
17554,2,5,1952.45,2,"Active Customers"
17555,20,2,483.26,2,"Active Customers"
17556,206,1,157.9,1,"Dormant"
17557,15,3,541.46,2,"Active Customers"
17560,95,4,854.95,2,"Active Customers"
17561,20,1,167.62,2,"Active Customers"
17562,15,7,1122.38,2,"Active Customers"
17564,25,3,454.01,2,"Active Customers"
17566,9,2,901.21,2,"Active Customers"
17567,8,8,4331.48,2,"Active Customers"
17569,333,1,344.14,1,"Dormant"
17571,51,4,1497.26,2,"Active Customers"
17572,72,4,226.75,2,"Active Customers"
17573,30,3,380.6,2,"Active Customers"
17574,243,1,185.65,1,"Dormant"
17576,9,19,3622.68,3,"VIP Customers"
17578,219,1,143.46,1,"Dormant"
17579,5,3,448.9,2,"Active Customers"
17580,253,3,212.77,1,"Dormant"
17581,2,25,11045.04,3,"VIP Customers"
17582,237,1,175.27,1,"Dormant"
17584,8,2,1242.3,2,"Active Customers"
17585,110,4,1133.07,2,"Active Customers"
17588,101,3,1240.2,2,"Active Customers"
17589,61,4,2402.92,2,"Active Customers"
17590,3,3,1477.97,2,"Active Customers"
17591,74,7,2225.97,2,"Active Customers"
17593,4,5,3927.34,2,"Active Customers"
17594,86,2,993.18,2,"Active Customers"
17595,13,2,388.79,2,"Active Customers"
17596,24,7,2827.93,2,"Active Customers"
17597,214,1,2044.37,1,"Dormant"
17600,18,1,161.67,2,"Active Customers"
17601,240,1,116.01,1,"Dormant"
17602,3,6,5102.97,2,"Active Customers"
17603,79,1,394.72,2,"Active Customers"
17604,218,2,309.36,1,"Dormant"
17608,34,2,193.42,2,"Active Customers"
17609,41,5,1104.72,2,"Active Customers"
17611,8,15,3984.22,3,"VIP Customers"
17612,54,6,2048.45,2,"Active Customers"
17613,23,14,4559.15,3,"VIP Customers"
17614,58,1,390.07,2,"Active Customers"
17615,131,3,329.6,2,"Active Customers"
17616,174,3,571.2,1,"Dormant"
17618,6,3,971.58,2,"Active Customers"
17619,313,1,218.52,1,"Dormant"
17620,60,1,81.44,2,"Active Customers"
17621,22,3,1379.9,2,"Active Customers"
17623,33,1,527.05,2,"Active Customers"
17624,15,2,843.48,2,"Active Customers"
17625,19,4,2047,2,"Active Customers"
17628,82,1,75.75,2,"Active Customers"
17629,6,8,1814.12,2,"Active Customers"
17630,170,2,503.6,1,"Dormant"
17631,2,3,528.33,2,"Active Customers"
17633,32,4,1324.84,2,"Active Customers"
17634,37,9,2361.97,2,"Active Customers"
17636,20,1,285.56,2,"Active Customers"
17637,32,2,547.06,2,"Active Customers"
17639,277,1,108.5,1,"Dormant"
17640,87,1,621.66,2,"Active Customers"
17642,120,2,712.29,2,"Active Customers"
17643,369,1,101.55,1,"Dormant"
17644,2,11,2895.64,2,"Active Customers"
17646,220,3,1008.39,1,"Dormant"
17647,66,1,133.06,2,"Active Customers"
17648,61,4,1797.5,2,"Active Customers"
17649,139,1,868.49,1,"Dormant"
17650,22,1,166.08,2,"Active Customers"
17651,12,10,3945,2,"Active Customers"
17652,26,12,4867.72,2,"Active Customers"
17653,37,4,1207.56,2,"Active Customers"
17654,278,1,117.55,1,"Dormant"
17655,11,7,2638.94,2,"Active Customers"
17656,74,5,1674.69,2,"Active Customers"
17658,26,2,595.42,2,"Active Customers"
17659,18,12,2999.46,2,"Active Customers"
17660,142,1,196,1,"Dormant"
17663,26,7,1802.91,2,"Active Customers"
17664,19,2,604.64,2,"Active Customers"
17666,4,2,728.16,2,"Active Customers"
17667,67,5,2055.51,2,"Active Customers"
17668,2,2,347.75,2,"Active Customers"
17669,43,7,3406.72,2,"Active Customers"
17670,228,1,205.7,1,"Dormant"
17671,16,4,1572.71,2,"Active Customers"
17672,51,2,3178.17,2,"Active Customers"
17673,2,6,1629.12,2,"Active Customers"
17674,75,2,551.04,2,"Active Customers"
17675,2,30,18715.313,3,"VIP Customers"
17676,5,6,1387.68,2,"Active Customers"
17677,2,30,16363.23,3,"VIP Customers"
17678,264,1,298.11,1,"Dormant"
17679,53,2,1992.11,2,"Active Customers"
17680,24,1,184.4,2,"Active Customers"
17682,11,6,2474.33,2,"Active Customers"
17684,44,1,239.41,2,"Active Customers"
17685,17,7,3191.53,2,"Active Customers"
17686,8,7,5739.46,2,"Active Customers"
17690,31,15,4757.95,3,"VIP Customers"
17691,359,2,290.4,1,"Dormant"
17692,128,4,725.58,2,"Active Customers"
17693,138,1,200.47,1,"Dormant"
17694,142,1,283.12,1,"Dormant"
17695,132,2,765.34,2,"Active Customers"
17696,39,8,2285.71,2,"Active Customers"
17697,237,1,338.95,1,"Dormant"
17698,261,1,154.95,1,"Dormant"
17700,17,4,2534.64,2,"Active Customers"
17701,253,1,417.95,1,"Dormant"
17702,31,4,1824.37,2,"Active Customers"
17703,36,3,798.74,2,"Active Customers"
17704,169,2,885.19,1,"Dormant"
17705,4,9,1823.52,2,"Active Customers"
17706,5,17,10504.49,3,"VIP Customers"
17707,186,2,152.4,1,"Dormant"
17708,188,2,267.08,1,"Dormant"
17709,170,1,137.45,1,"Dormant"
17711,11,2,385.1,2,"Active Customers"
17712,45,1,522.91,2,"Active Customers"
17714,321,1,153,1,"Dormant"
17715,201,1,326.4,1,"Dormant"
17716,23,11,5655.99,3,"VIP Customers"
17718,233,1,139.35,1,"Dormant"
17719,38,15,5396.04,3,"VIP Customers"
17720,27,4,1195.94,2,"Active Customers"
17722,97,4,2424.04,2,"Active Customers"
17723,128,6,3276.4,2,"Active Customers"
17724,72,3,1033,2,"Active Customers"
17725,17,11,3439.08,2,"Active Customers"
17727,16,1,1060.25,2,"Active Customers"
17728,4,3,2876.01,2,"Active Customers"
17730,4,13,5298.48,3,"VIP Customers"
17731,80,4,1240.11,2,"Active Customers"
17732,369,1,303.97,1,"Dormant"
17733,39,2,692.19,2,"Active Customers"
17734,54,3,700.63,2,"Active Customers"
17735,3,19,13110.02,3,"VIP Customers"
17736,10,3,377.44,2,"Active Customers"
17737,10,2,168.24,2,"Active Customers"
17738,20,4,1879.05,2,"Active Customers"
17739,12,7,2791.35,2,"Active Customers"
17742,114,2,355.11,2,"Active Customers"
17744,4,6,2322.4,2,"Active Customers"
17746,241,1,110.25,1,"Dormant"
17747,113,1,71.4,2,"Active Customers"
17749,179,2,674.52,1,"Dormant"
17750,6,9,1781.28,2,"Active Customers"
17752,360,1,80.64,1,"Dormant"
17754,2,5,1772.26,2,"Active Customers"
17757,2,30,5601.34,3,"VIP Customers"
17758,20,8,3456.7,2,"Active Customers"
17759,18,3,833.74,2,"Active Customers"
17760,22,2,287.59,2,"Active Customers"
17761,33,1,712.78,2,"Active Customers"
17763,264,1,52.2,1,"Dormant"
17764,51,2,818.82,2,"Active Customers"
17765,159,3,371.88,1,"Dormant"
17767,16,1,271.2,2,"Active Customers"
17768,9,3,2273.18,2,"Active Customers"
17769,13,10,3997.98,2,"Active Customers"
17770,199,5,1143.27,1,"Dormant"
17771,57,2,245.33,2,"Active Customers"
17772,11,2,182.77,2,"Active Customers"
17774,97,4,1225.41,2,"Active Customers"
17775,255,1,56.4,1,"Dormant"
17777,25,3,665.86,2,"Active Customers"
17779,22,3,658.57,2,"Active Customers"
17781,160,2,188.02,1,"Dormant"
17783,73,2,283.47,2,"Active Customers"
17785,54,1,131.94,2,"Active Customers"
17786,86,2,278.74,2,"Active Customers"
17787,153,4,1865.19,2,"Active Customers"
17788,74,2,1112.95,2,"Active Customers"
17789,282,1,225.9,1,"Dormant"
17790,27,14,1965.55,2,"Active Customers"
17791,30,1,106.1,2,"Active Customers"
17793,26,1,323.04,2,"Active Customers"
17795,180,2,350.39,1,"Dormant"
17796,41,4,697.9,2,"Active Customers"
17797,23,3,780.43,2,"Active Customers"
17799,23,10,3055.93,2,"Active Customers"
17800,38,9,1198.01,2,"Active Customers"
17802,83,3,1285.04,2,"Active Customers"
17805,74,1,512.31,2,"Active Customers"
17806,12,1,546.04,2,"Active Customers"
17809,17,12,5411.91,3,"VIP Customers"
17811,5,30,7831.03,3,"VIP Customers"
17812,13,4,732.16,2,"Active Customers"
17813,15,5,1770.88,2,"Active Customers"
17816,37,4,52.2,2,"Active Customers"
17817,5,3,387.68,2,"Active Customers"
17819,72,7,3704.87,2,"Active Customers"
17824,52,1,298.4,2,"Active Customers"
17827,6,5,1995.46,2,"Active Customers"
17828,23,4,1165.09,2,"Active Customers"
17829,299,1,889.24,1,"Dormant"
17830,2,3,398.7,2,"Active Customers"
17831,34,1,52.2,2,"Active Customers"
17832,50,1,155.37,2,"Active Customers"
17835,3,3,350.64,2,"Active Customers"
17836,48,1,109.83,2,"Active Customers"
17837,43,8,1587.48,2,"Active Customers"
17838,27,5,2779.3,2,"Active Customers"
17839,43,1,338.8,2,"Active Customers"
17841,2,30,18715.313,3,"VIP Customers"
17843,304,1,197.73,1,"Dormant"
17844,107,1,52.2,2,"Active Customers"
17848,82,9,901.2,2,"Active Customers"
17849,219,4,605.8,1,"Dormant"
17850,369,30,5391.21,3,"VIP Customers"
17852,12,2,114.34,2,"Active Customers"
17854,186,2,311.26,1,"Dormant"
17855,369,1,208.97,1,"Dormant"
17856,2,4,1418.03,2,"Active Customers"
17857,5,22,18715.313,3,"VIP Customers"
17858,6,12,5155.66,3,"VIP Customers"
17859,305,1,148.21,1,"Dormant"
17860,369,1,252.8,1,"Dormant"
17861,4,8,2100.8,2,"Active Customers"
17862,324,1,330.9,1,"Dormant"
17863,60,6,3160,2,"Active Customers"
17864,13,3,597.5,2,"Active Customers"
17865,31,20,10524.22,3,"VIP Customers"
17866,143,1,329.65,1,"Dormant"
17867,31,6,1197.1,2,"Active Customers"
17869,108,5,428.18,2,"Active Customers"
17870,3,12,1894.35,2,"Active Customers"
17871,205,1,155.9,1,"Dormant"
17873,81,5,1729.78,2,"Active Customers"
17874,186,6,683.46,1,"Dormant"
17877,171,1,237.61,1,"Dormant"
17878,44,1,379.45,2,"Active Customers"
17879,174,1,178.52,1,"Dormant"
17880,365,1,458.92,1,"Dormant"
17881,305,1,133.35,1,"Dormant"
17883,4,4,671.77,2,"Active Customers"
17884,4,4,717.45,2,"Active Customers"
17885,13,1,190.19,2,"Active Customers"
17886,32,3,899.61,2,"Active Customers"
17887,130,1,111.35,2,"Active Customers"
17888,22,8,726.05,2,"Active Customers"
17889,213,2,203.87,1,"Dormant"
17890,323,2,602.09,1,"Dormant"
17891,163,1,203.86,1,"Dormant"
17892,57,3,244.1,2,"Active Customers"
17893,226,1,112.25,1,"Dormant"
17894,72,8,1119.39,2,"Active Customers"
17895,45,1,98,2,"Active Customers"
17896,24,1,256.32,2,"Active Customers"
17897,173,3,566.6,1,"Dormant"
17898,86,2,152.06,2,"Active Customers"
17899,160,1,155.8,1,"Dormant"
17900,191,2,112.2,1,"Dormant"
17901,30,1,110.38,2,"Active Customers"
17904,22,1,191.67,2,"Active Customers"
17905,72,4,800.24,2,"Active Customers"
17906,248,1,72.9,1,"Dormant"
17908,369,1,243.28,1,"Dormant"
17911,10,1,366.23,2,"Active Customers"
17912,311,5,311.01,1,"Dormant"
17913,59,2,411.6,2,"Active Customers"
17914,4,1,336.43,2,"Active Customers"
17917,46,3,341.28,2,"Active Customers"
17919,89,1,1304.04,2,"Active Customers"
17920,5,17,4192.2,3,"VIP Customers"
17921,65,4,826.52,2,"Active Customers"
17923,283,1,207.5,1,"Dormant"
17924,12,7,2962.5,2,"Active Customers"
17925,369,1,244.08,1,"Dormant"
17926,134,2,397.29,2,"Active Customers"
17928,46,2,184.46,2,"Active Customers"
17929,12,4,843,2,"Active Customers"
17930,36,5,1740.48,2,"Active Customers"
17931,135,2,408.36,2,"Active Customers"
17932,30,3,1331.57,2,"Active Customers"
17934,52,2,704.25,2,"Active Customers"
17935,139,2,142.89,2,"Active Customers"
17936,6,1,389.84,2,"Active Customers"
17937,9,7,4301.22,2,"Active Customers"
17939,160,1,99.14,1,"Dormant"
17940,50,9,2238.58,2,"Active Customers"
17941,131,1,304.56,2,"Active Customers"
17942,8,1,77.5,2,"Active Customers"
17946,234,2,149.58,1,"Dormant"
17947,38,1,176.68,2,"Active Customers"
17948,148,1,358.56,1,"Dormant"
17949,2,30,18715.313,3,"VIP Customers"
17950,73,3,482.2,2,"Active Customers"
17951,40,3,1008.54,2,"Active Customers"
17954,6,12,2332.72,2,"Active Customers"
17955,199,4,557.3,1,"Dormant"
17956,250,1,52.2,1,"Dormant"
17957,67,1,110.72,2,"Active Customers"
17958,117,1,508.46,2,"Active Customers"
17960,172,1,73.78,1,"Dormant"
17961,22,30,1296.44,3,"VIP Customers"
17962,143,1,102.83,1,"Dormant"
17964,32,2,471.7,2,"Active Customers"
17965,38,14,2622.57,2,"Active Customers"
17966,38,5,1098.43,2,"Active Customers"
17967,369,1,123.07,1,"Dormant"
17968,369,1,277.35,1,"Dormant"
17969,167,2,228.2,1,"Dormant"
17970,212,1,582.59,1,"Dormant"
17972,242,1,136.04,1,"Dormant"
17973,52,1,337.04,2,"Active Customers"
17974,25,3,740.79,2,"Active Customers"
17975,16,13,4485.51,3,"VIP Customers"
17976,369,1,353.19,1,"Dormant"
17977,30,1,288.14,2,"Active Customers"
17978,366,1,300.92,1,"Dormant"
17979,36,4,754.31,2,"Active Customers"
17980,166,3,811.45,1,"Dormant"
17984,146,1,152.68,1,"Dormant"
17985,23,1,634.95,2,"Active Customers"
17986,57,1,52.2,2,"Active Customers"
17987,186,1,198.57,1,"Dormant"
17988,12,7,201.12,2,"Active Customers"
17990,237,3,630.84,1,"Dormant"
17991,226,2,93.35,1,"Dormant"
17994,122,4,678.49,2,"Active Customers"
17995,282,1,76.1,1,"Dormant"
17997,75,8,1970.67,2,"Active Customers"
17999,38,2,382.06,2,"Active Customers"
18001,13,2,417.23,2,"Active Customers"
18004,363,1,169.47,1,"Dormant"
18005,4,2,249.72,2,"Active Customers"
18006,24,1,444.68,2,"Active Customers"
18008,71,9,2116.19,2,"Active Customers"
18009,236,1,257.34,1,"Dormant"
18010,257,1,174.8,1,"Dormant"
18011,369,1,102.79,1,"Dormant"
18013,156,2,187.29,1,"Dormant"
18014,29,1,158.47,2,"Active Customers"
18015,5,1,120.03,2,"Active Customers"
18016,33,5,1483.56,2,"Active Customers"
18017,82,3,523,2,"Active Customers"
18018,109,2,122.14,2,"Active Customers"
18019,52,1,52.2,2,"Active Customers"
18022,36,1,668.11,2,"Active Customers"
18024,153,2,389.78,1,"Dormant"
18027,99,1,115.31,2,"Active Customers"
18030,5,2,230.65,2,"Active Customers"
18032,335,1,73.5,1,"Dormant"
18033,66,1,97.97,2,"Active Customers"
18034,22,2,422.88,2,"Active Customers"
18035,36,3,730.4,2,"Active Customers"
18036,33,3,405.62,2,"Active Customers"
18037,155,6,70.02,2,"Active Customers"
18040,20,2,357.2,2,"Active Customers"
18041,12,21,4183.39,3,"VIP Customers"
18042,54,1,165.05,2,"Active Customers"
18043,25,3,559.51,2,"Active Customers"
18044,5,10,2088.6,2,"Active Customers"
18045,46,1,189.4,2,"Active Customers"
18048,204,2,172.29,1,"Dormant"
18050,360,1,74.4,1,"Dormant"
18053,71,1,300.02,2,"Active Customers"
18055,8,10,6784.19,3,"VIP Customers"
18056,289,1,363.65,1,"Dormant"
18058,10,1,170.16,2,"Active Customers"
18059,24,3,306.46,2,"Active Customers"
18061,22,10,2119.41,2,"Active Customers"
18062,174,3,720.52,1,"Dormant"
18064,134,2,814,2,"Active Customers"
18065,6,14,2392.83,2,"Active Customers"
18066,76,1,318,2,"Active Customers"
18067,41,1,396.33,2,"Active Customers"
18068,290,1,101.7,1,"Dormant"
18069,27,5,2036.67,2,"Active Customers"
18071,258,2,453,1,"Dormant"
18072,186,1,247.44,1,"Dormant"
18073,115,12,3877.52,2,"Active Customers"
18074,369,1,489.6,1,"Dormant"
18075,24,10,2611.75,2,"Active Customers"
18077,9,11,2633.01,2,"Active Customers"
18078,218,2,336.13,1,"Dormant"
18079,46,4,3651.97,2,"Active Customers"
18080,19,2,1231.5,2,"Active Customers"
18081,37,3,343.45,2,"Active Customers"
18082,26,1,703.37,2,"Active Customers"
18084,17,1,90.48,2,"Active Customers"
18085,331,2,689.95,1,"Dormant"
18086,275,1,101.34,1,"Dormant"
18087,291,1,3202.92,1,"Dormant"
18088,62,1,167.67,2,"Active Customers"
18092,3,11,9068.26,3,"VIP Customers"
18093,94,4,2106.52,2,"Active Customers"
18094,82,7,3017.3,2,"Active Customers"
18095,313,2,580.05,1,"Dormant"
18096,12,3,911.15,2,"Active Customers"
18097,8,6,2697.8,2,"Active Customers"
18099,128,1,168.31,2,"Active Customers"
18101,12,2,223.65,2,"Active Customers"
18102,2,30,18715.313,3,"VIP Customers"
18104,38,1,754.64,2,"Active Customers"
18105,38,1,113.48,2,"Active Customers"
18106,330,1,430.7,1,"Dormant"
18108,255,1,271,1,"Dormant"
18109,2,26,8052.97,3,"VIP Customers"
18110,20,1,236.3,2,"Active Customers"
18112,13,2,352.69,2,"Active Customers"
18113,369,1,76.32,1,"Dormant"
18114,291,1,220.1,1,"Dormant"
18116,68,8,1414.43,2,"Active Customers"
18117,26,1,319.47,2,"Active Customers"
18118,11,26,5651.42,3,"VIP Customers"
18119,368,1,181.12,1,"Dormant"
18120,215,1,111.15,1,"Dormant"
18121,150,2,673.1,1,"Dormant"
18122,9,6,1824.99,2,"Active Customers"
18123,25,2,589.44,2,"Active Customers"
18125,30,4,1142.99,2,"Active Customers"
18126,61,1,204.49,2,"Active Customers"
18127,20,3,348.73,2,"Active Customers"
18129,244,1,112.55,1,"Dormant"
18130,16,3,1059.39,2,"Active Customers"
18133,213,1,931.5,1,"Dormant"
18135,30,5,681.91,2,"Active Customers"
18136,64,3,784.33,2,"Active Customers"
18138,296,1,152.65,1,"Dormant"
18139,18,6,8438.34,3,"VIP Customers"
18142,158,2,1019.52,1,"Dormant"
18143,117,2,1000.16,2,"Active Customers"
18144,8,12,2888.75,2,"Active Customers"
18145,13,4,2861.55,2,"Active Customers"
18146,141,2,160.35,1,"Dormant"
18147,46,2,179.34,2,"Active Customers"
18149,51,3,612.08,2,"Active Customers"
18150,33,3,566.58,2,"Active Customers"
18151,135,2,653.35,2,"Active Customers"
18154,4,2,399.19,2,"Active Customers"
18155,76,3,371.62,2,"Active Customers"
18156,13,2,734.94,2,"Active Customers"
18158,10,2,453.4,2,"Active Customers"
18159,302,1,530.15,1,"Dormant"
18160,58,2,638.06,2,"Active Customers"
18161,16,5,1618.69,2,"Active Customers"
18164,38,1,399.65,2,"Active Customers"
18165,178,1,302.46,1,"Dormant"
18167,24,3,1384.86,2,"Active Customers"
18168,177,6,1169.94,1,"Dormant"
18169,61,1,202.65,2,"Active Customers"
18170,34,3,980.31,2,"Active Customers"
18171,59,5,1231.31,2,"Active Customers"
18172,15,20,7561.68,3,"VIP Customers"
18173,87,4,2106.84,2,"Active Customers"
18174,8,1,104,2,"Active Customers"
18176,359,1,476.35,1,"Dormant"
18177,32,6,1341.42,2,"Active Customers"
18178,129,4,1590.81,2,"Active Customers"
18179,10,6,1793.17,2,"Active Customers"
18180,5,6,1843.75,2,"Active Customers"
18181,25,1,382.8,2,"Active Customers"
18183,228,2,632.07,1,"Dormant"
18184,16,1,52.2,2,"Active Customers"
18185,250,1,304.25,1,"Dormant"
18188,16,3,2001.04,2,"Active Customers"
18189,78,2,1090.24,2,"Active Customers"
18190,193,2,284.46,1,"Dormant"
18191,262,1,207.8,1,"Dormant"
18192,72,1,957.97,2,"Active Customers"
18193,166,1,243.76,1,"Dormant"
18194,83,1,973.84,2,"Active Customers"
18196,96,2,689.13,2,"Active Customers"
18198,5,17,5425.56,3,"VIP Customers"
18200,107,1,163.8,2,"Active Customers"
18202,200,3,1396.99,1,"Dormant"
18203,158,1,160.42,1,"Dormant"
18204,72,3,1993.7,2,"Active Customers"
18205,37,2,517.36,2,"Active Customers"
18209,29,1,139.1,2,"Active Customers"
18210,2,6,2621.38,2,"Active Customers"
18211,26,5,600.07,2,"Active Customers"
18212,327,1,248.42,1,"Dormant"
18213,237,1,232.48,1,"Dormant"
18215,90,1,299.34,2,"Active Customers"
18216,32,1,481.75,2,"Active Customers"
18217,30,2,621.75,2,"Active Customers"
18218,212,2,662.08,1,"Dormant"
18219,3,10,2069.77,2,"Active Customers"
18220,227,1,305.28,1,"Dormant"
18221,23,5,1041.61,2,"Active Customers"
18222,93,1,443,2,"Active Customers"
18223,5,14,6484.54,3,"VIP Customers"
18224,264,1,158.95,1,"Dormant"
18225,4,12,5509.12,3,"VIP Customers"
18226,45,11,5228.05,2,"Active Customers"
18227,218,1,93.75,1,"Dormant"
18228,57,2,779.9,2,"Active Customers"
18229,12,20,7276.9,3,"VIP Customers"
18230,10,7,2810.2,2,"Active Customers"
18231,193,5,2083.27,1,"Dormant"
18232,82,4,592.97,2,"Active Customers"
18233,326,1,440,1,"Dormant"
18235,72,3,1796.48,2,"Active Customers"
18236,30,6,882.24,2,"Active Customers"
18237,3,5,987.1,2,"Active Customers"
18239,219,5,1561.61,1,"Dormant"
18240,47,1,422.58,2,"Active Customers"
18241,10,17,2073.09,2,"Active Customers"
18242,73,4,2232.49,2,"Active Customers"
18245,8,7,2567.06,2,"Active Customers"
18246,24,2,596.1,2,"Active Customers"
18248,123,2,804.02,2,"Active Customers"
18249,18,1,95.34,2,"Active Customers"
18250,311,1,349.27,1,"Dormant"
18251,88,1,4314.72,2,"Active Customers"
18252,51,2,526.67,2,"Active Customers"
18255,90,1,103.3,2,"Active Customers"
18257,40,8,2337.63,2,"Active Customers"
18259,25,3,2338.6,2,"Active Customers"
18260,173,6,2643.2,1,"Dormant"
18261,44,2,324.24,2,"Active Customers"
18262,141,1,149.48,1,"Dormant"
18263,26,3,1213.16,2,"Active Customers"
18265,73,2,801.51,2,"Active Customers"
18268,135,1,52.2,1,"Dormant"
18269,367,1,168.6,1,"Dormant"
18270,39,2,283.15,2,"Active Customers"
18272,3,6,3078.58,2,"Active Customers"
18273,3,3,204,2,"Active Customers"
18274,31,1,175.92,2,"Active Customers"
18276,44,1,335.86,2,"Active Customers"
18277,59,1,110.38,2,"Active Customers"
18278,74,1,173.9,2,"Active Customers"
18280,278,1,180.6,1,"Dormant"
18281,181,1,80.82,1,"Dormant"
18282,8,2,178.05,2,"Active Customers"
18283,4,16,2088.93,2,"Active Customers"
18287,43,3,1837.28,2,"Active Customers"
